<?xml version="1.0" encoding="UTF-8"?>
<window>
	<depth>DepthOSD</depth>
	<defaultcontrol always="true">5550</defaultcontrol>
	<include>OpenClose_FadeSlide_Right</include>
	<controls>
		<control type="group">
			<bottom>0</bottom>
			<height>400</height>
			<animation effect="slide" end="0,-140" time="0" condition="Skin.HasSetting(ScopeMode) + String.IsEqual(Skin.String(scope_mode),$LOCALIZE[31476])">Conditional</animation>
			<animation effect="slide" end="0,-135" time="0" condition="Skin.HasSetting(ScopeMode) + String.IsEqual(Skin.String(scope_mode),$LOCALIZE[31479])">Conditional</animation>
			<animation effect="slide" end="0,-131.5" time="0" condition="Skin.HasSetting(ScopeMode) + String.IsEqual(Skin.String(scope_mode),$LOCALIZE[31475])">Conditional</animation>
			<animation effect="slide" end="0,-21" time="0" condition="Skin.HasSetting(ScopeMode) + String.IsEqual(Skin.String(scope_mode),$LOCALIZE[31478])">Conditional</animation>
			<control type="grouplist">
				<include content="ItemLeft" condition="![Skin.HasSetting(SmallOSDVideo) + Window.IsVisible(fullscreenvideo) + !Window.IsActive(fullscreeninfo)]">
					<param name="left" value="460"/>
				</include>
				<include content="ItemLeft" condition="[Skin.HasSetting(SmallOSDVideo) + Window.IsVisible(fullscreenvideo) + !Window.IsActive(fullscreeninfo)]">
					<param name="left" value="30"/>
				</include>
				<right>710</right>
				<bottom>138</bottom>
				<height>280</height>
				<visible>Control.HasFocus(5551)</visible>
				<animation effect="slide" end="0,-45" time="50" tween="sine" easing="out" condition="PVR.IsTimeShift + !Player.ChannelPreviewActive + ![Skin.HasSetting(SmallOSDVideo) + Window.IsVisible(fullscreenvideo) + !Window.IsActive(fullscreeninfo)]">Conditional</animation>
				<animation effect="slide" end="0,-50" time="50" tween="sine" easing="out" condition="PVR.IsTimeShift + !Player.ChannelPreviewActive + [Skin.HasSetting(SmallOSDVideo) + Window.IsVisible(fullscreenvideo) + !Window.IsActive(fullscreeninfo)]">Conditional</animation>
				<control type="label">
					<width>710</width>
					<height>35</height>
					<aligny>bottom</aligny>
					<label>$INFO[PVR.ActStreamServiceName,$LOCALIZE[19099] : [COLOR white],[/COLOR]]</label>
					<font>font12</font>
					<shadowcolor>$VAR[ShadowColorVar]</shadowcolor>
					<textcolor>$VAR[SkinColorVar]</textcolor>
				</control>
				<control type="label">
					<width>710</width>
					<height>35</height>
					<aligny>bottom</aligny>
					<label>$INFO[PVR.ActStreamProviderName,$LOCALIZE[19101] : [COLOR white],[/COLOR]]</label>
					<font>font12</font>
					<shadowcolor>$VAR[ShadowColorVar]</shadowcolor>
					<textcolor>$VAR[SkinColorVar]</textcolor>
				</control>
				<control type="label">
					<width>710</width>
					<height>35</height>
					<aligny>bottom</aligny>
					<label>$INFO[PVR.ActStreamClient,$LOCALIZE[19012] : [COLOR white],[/COLOR]]</label>
					<font>font12</font>
					<shadowcolor>$VAR[ShadowColorVar]</shadowcolor>
					<textcolor>$VAR[SkinColorVar]</textcolor>
				</control>
				<control type="label">
					<width>710</width>
					<height>35</height>
					<aligny>bottom</aligny>
					<label>$INFO[PVR.ActStreamDevice,$LOCALIZE[19006] : [COLOR white],[/COLOR]]</label>
					<font>font12</font>
					<shadowcolor>$VAR[ShadowColorVar]</shadowcolor>
					<textcolor>$VAR[SkinColorVar]</textcolor>
				</control>
				<control type="label">
					<width>710</width>
					<height>35</height>
					<aligny>bottom</aligny>
					<label>$INFO[PVR.ActStreamStatus,$LOCALIZE[19007] : [COLOR white],[/COLOR]]</label>
					<font>font12</font>
					<shadowcolor>$VAR[ShadowColorVar]</shadowcolor>
					<textcolor>$VAR[SkinColorVar]</textcolor>
				</control>
				<control type="label">
					<width>710</width>
					<height>35</height>
					<aligny>bottom</aligny>
					<label>$INFO[PVR.ActStreamEncryptionName,$LOCALIZE[19015] : [COLOR white],[/COLOR]]</label>
					<font>font12</font>
					<shadowcolor>$VAR[ShadowColorVar]</shadowcolor>
					<textcolor>$VAR[SkinColorVar]</textcolor>
				</control>
			</control>
			<control type="grouplist">
				<include content="ItemLeft" condition="![Skin.HasSetting(SmallOSDVideo) + Window.IsVisible(fullscreenvideo) + !Window.IsActive(fullscreeninfo)]">
					<param name="left" value="460"/>
				</include>
				<include content="ItemLeft" condition="[Skin.HasSetting(SmallOSDVideo) + Window.IsVisible(fullscreenvideo) + !Window.IsActive(fullscreeninfo)]">
					<param name="left" value="30"/>
				</include>
				<right>30</right>
				<bottom>138</bottom>
				<height>280</height>
				<visible>Control.HasFocus(5552)</visible>
				<animation effect="slide" end="0,-45" time="50" tween="sine" easing="out" condition="PVR.IsTimeShift + !Player.ChannelPreviewActive + ![Skin.HasSetting(SmallOSDVideo) + Window.IsVisible(fullscreenvideo) + !Window.IsActive(fullscreeninfo)]">Conditional</animation>
				<animation effect="slide" end="0,-50" time="50" tween="sine" easing="out" condition="PVR.IsTimeShift + !Player.ChannelPreviewActive + [Skin.HasSetting(SmallOSDVideo) + Window.IsVisible(fullscreenvideo) + !Window.IsActive(fullscreeninfo)]">Conditional</animation>
				<control type="label">
					<height>35</height>
					<width>710</width>
					<aligny>bottom</aligny>
					<label>$INFO[Player.Process(videodecoder),$LOCALIZE[31139] : [COLOR white],]$VAR[VideoHWDecoder, (,)[/COLOR]]</label>
					<font>font12</font>
					<visible>Player.HasVideo</visible>
					<textcolor>$VAR[SkinColorVar]</textcolor>
				</control>
				<control type="label">
					<height>35</height>
					<width>710</width>
					<aligny>bottom</aligny>
					<label>$INFO[Player.Process(pixformat),$LOCALIZE[31140] : [COLOR white],[/COLOR]]</label>
					<font>font12</font>
					<visible>Player.HasVideo</visible>
					<textcolor>$VAR[SkinColorVar]</textcolor>
				</control>
				<control type="label">
					<height>35</height>
					<width>710</width>
					<aligny>bottom</aligny>
					<label>$INFO[Player.Process(deintmethod),$LOCALIZE[16038] : [COLOR white],[/COLOR]]</label>
					<font>font12</font>
					<visible>Player.HasVideo</visible>
					<textcolor>$VAR[SkinColorVar]</textcolor>
				</control>
				<control type="label">
					<height>35</height>
					<width>710</width>
					<aligny>bottom</aligny>
					<label>$INFO[Player.Process(videowidth),$LOCALIZE[38031] : [COLOR white],x]$INFO[Player.Process(videoheight)]$INFO[Player.Process(videoscantype)]$INFO[Player.Process(videodar),$COMMA , AR]$INFO[Player.Process(videofps),$COMMA , FPS][/COLOR]</label>
					<font>font12</font>
					<visible>Player.HasVideo</visible>
					<textcolor>$VAR[SkinColorVar]</textcolor>
				</control>
				<control type="label">
					<height>35</height>
					<width>710</width>
					<width>700</width>
					<aligny>bottom</aligny>
					<label>$LOCALIZE[22012] : [COLOR white]$INFO[system.memory(used),, / ]$INFO[system.memory(total),,  -  ]$INFO[system.memory(used.percent),,] [/COLOR]</label>
					<font>font12</font>
					<textcolor>$VAR[SkinColorVar]</textcolor>
					<visible>!System.Platform.Android</visible>
				</control>
				<control type="label">
					<height>35</height>
					<width>710</width>
					<aligny>bottom</aligny>
					<label>$LOCALIZE[460] : [COLOR white]$INFO[Player.Process(audiochannels),,$COMMA ]$INFO[Player.Process(audiodecoder)]$INFO[Player.Process(audiobitspersample),$COMMA , bits]$INFO[Player.Process(audiosamplerate),$COMMA , Hz]$INFO[VideoPlayer.AudioBitrate,$COMMA , kb/s][/COLOR]</label>
					<font>font12</font>
					<textcolor>$VAR[SkinColorVar]</textcolor>
				</control>
				<control type="label">
					<height>35</height>
					<right>30</right>
					<width>710</width>
					<aligny>bottom</aligny>
					<label>$INFO[System.CpuUsage,$LOCALIZE[13271] [COLOR white],[/COLOR]]</label>
					<font>font12</font>
					<textcolor>$VAR[SkinColorVar]</textcolor>
					<visible>!System.Platform.Android</visible>
				</control>
				<control type="label">
					<height>35</height>
					<width>710</width>
					<aligny>bottom</aligny>
					<label>$INFO[System.CpuFrequency,$LOCALIZE[13284] [COLOR white],[/COLOR]]</label>
					<font>font12</font>
					<shadowcolor>$VAR[ShadowColorVar]</shadowcolor>
					<textcolor>$VAR[SkinColorVar]</textcolor>
				    <visible>System.Platform.Android</visible>
				</control>
				<control type="label">
					<height>35</height>
					<right>30</right>
					<width>710</width>
					<aligny>bottom</aligny>
					<label>$LOCALIZE[22012] : [COLOR white]$INFO[system.memory(used),, / ]$INFO[system.memory(total),,  -  ]$INFO[system.memory(used.percent),,] [/COLOR]</label>
					<font>font12</font>
					<textcolor>$VAR[SkinColorVar]</textcolor>
					<visible>System.Platform.Android</visible>
				</control>
				<control type="label">
					<height>10</height>
					<width>1430</width>
					<aligny>bottom</aligny>
					<label></label>
					<font>font8</font>
					<textcolor>$VAR[SkinColorVar]</textcolor>
				</control>
				<control type="progress">
				    <visible>!Skin.HasSetting(SmallOSDVideo)</visible>
					<description>CPU BAR</description>
					<width>1430</width>
					<height>14</height>
					<info>System.CPUUsage</info>
					<visible>!System.Platform.Android</visible>
				</control>
			    <control type="progress">
				    <visible>Skin.HasSetting(SmallOSDVideo)</visible>
					<description>CPU BAR</description>
					<width>1860</width>
					<height>14</height>
					<info>System.CPUUsage</info>
					<visible>!System.Platform.Android</visible>
				</control>
				<control type="progress">
				    <visible>!Skin.HasSetting(SmallOSDVideo)</visible>
					<description>Ram BAR</description>
					<width>1430</width>
					<height>14</height>
					<info>system.memory(used)</info>
					<visible>System.Platform.Android</visible>
				</control>
				<control type="progress">
				    <visible>Skin.HasSetting(SmallOSDVideo)</visible>
					<description>Ram BAR</description>
					<width>1860</width>
					<height>14</height>
					<info>system.memory(used)</info>
					<visible>System.Platform.Android</visible>
				</control>
			</control>
			<control type="grouplist">
				<include content="ItemLeft" condition="![Skin.HasSetting(SmallOSDVideo) + Window.IsVisible(fullscreenvideo) + !Window.IsActive(fullscreeninfo)]">
					<param name="left" value="1180"/>
				</include>
				<include content="ItemLeft" condition="[Skin.HasSetting(SmallOSDVideo) + Window.IsVisible(fullscreenvideo) + !Window.IsActive(fullscreeninfo)]">
					<param name="left" value="930"/>
				</include>
				<right>30</right>
				<bottom>138</bottom>
				<height>280</height>
				<visible>Control.HasFocus(5552)</visible>
				<usecontrolcoords>true</usecontrolcoords>
				<animation effect="slide" end="0,-45" time="50" tween="sine" easing="out" condition="PVR.IsTimeShift + !Player.ChannelPreviewActive + ![Skin.HasSetting(SmallOSDVideo) + Window.IsVisible(fullscreenvideo) + !Window.IsActive(fullscreeninfo)]">Conditional</animation>
				<animation effect="slide" end="0,-50" time="50" tween="sine" easing="out" condition="PVR.IsTimeShift + !Player.ChannelPreviewActive + [Skin.HasSetting(SmallOSDVideo) + Window.IsVisible(fullscreenvideo) + !Window.IsActive(fullscreeninfo)]">Conditional</animation>
				<control type="label">
					<width>710</width>
					<height>35</height>
					<aligny>bottom</aligny>
					<label>$INFO[Player.Process(amlogic.displaymode),$LOCALIZE[31610] : [COLOR white],[/COLOR]]</label>
					<font>font12</font>
					<shadowcolor>$VAR[ShadowColorVar]</shadowcolor>
					<textcolor>$VAR[SkinColorVar]</textcolor>
					<visible>!String.IsEmpty(Player.Process(amlogic.displaymode))</visible>
				</control>
				<control type="label">
					<width>710</width>
					<height>35</height>
					<aligny>bottom</aligny>
					<label>$INFO[Player.Process(amlogic.pixformat),$LOCALIZE[31612] : [COLOR white],[/COLOR]]</label>
					<font>font12</font>
					<shadowcolor>$VAR[ShadowColorVar]</shadowcolor>
					<textcolor>$VAR[SkinColorVar]</textcolor>
					<visible>!String.IsEmpty(Player.Process(amlogic.pixformat))</visible>
				</control>
				<control type="label">
					<width>710</width>
					<height>35</height>
					<aligny>bottom</aligny>
					<label>$INFO[Player.Process(amlogic.eoft_gamut),$LOCALIZE[31611] : [COLOR white],[/COLOR]]</label>
					<font>font12</font>
					<shadowcolor>$VAR[ShadowColorVar]</shadowcolor>
					<textcolor>$VAR[SkinColorVar]</textcolor>
					<visible>!String.IsEmpty(Player.Process(amlogic.eoft_gamut))</visible>
				</control>
				<control type="label">
					<width>710</width>
					<height>35</height>
					<aligny>bottom</aligny>
					<label>$INFO[System.CpuFrequency,$LOCALIZE[13284] [COLOR white],[/COLOR]]</label>
					<font>font12</font>
					<shadowcolor>$VAR[ShadowColorVar]</shadowcolor>
					<textcolor>$VAR[SkinColorVar]</textcolor>
				    <visible>!System.Platform.Android</visible>
				</control>
				<control type="label">
					<width>710</width>
					<height>35</height>
					<aligny>bottom</aligny>
					<label>$INFO[System.CpuTemperature,$LOCALIZE[22011] [COLOR white],[/COLOR]]</label>
					<font>font12</font>
					<shadowcolor>$VAR[ShadowColorVar]</shadowcolor>
					<textcolor>$VAR[SkinColorVar]</textcolor>
					<visible>System.HasAddon(service.coreelec.settings)</visible>
				</control>
			</control>
			<control type="grouplist">
				<include content="ItemLeft" condition="![Skin.HasSetting(SmallOSDVideo) + Window.IsVisible(fullscreenvideo) + !Window.IsActive(fullscreeninfo)]">
					<param name="left" value="1180"/>
				</include>
				<include content="ItemLeft" condition="[Skin.HasSetting(SmallOSDVideo) + Window.IsVisible(fullscreenvideo) + !Window.IsActive(fullscreeninfo)]">
					<param name="left" value="930"/>
				</include>
				<right>30</right>
				<bottom>138</bottom>
				<height>280</height>
				<visible>Control.HasFocus(5551)</visible>
				<usecontrolcoords>true</usecontrolcoords>
				<animation effect="slide" end="0,-45" time="50" tween="sine" easing="out" condition="PVR.IsTimeShift + !Player.ChannelPreviewActive + ![Skin.HasSetting(SmallOSDVideo) + Window.IsVisible(fullscreenvideo) + !Window.IsActive(fullscreeninfo)]">Conditional</animation>
				<animation effect="slide" end="0,-50" time="50" tween="sine" easing="out" condition="PVR.IsTimeShift + !Player.ChannelPreviewActive + [Skin.HasSetting(SmallOSDVideo) + Window.IsVisible(fullscreenvideo) + !Window.IsActive(fullscreeninfo)]">Conditional</animation>
				<control type="label">
					<width>710</width>
					<height>35</height>
					<aligny>bottom</aligny>
					<label>$INFO[PVR.ActStreamBer,$LOCALIZE[19010] : [COLOR white],[/COLOR]]</label>
					<font>font12</font>
					<shadowcolor>$VAR[ShadowColorVar]</shadowcolor>
					<textcolor>$VAR[SkinColorVar]</textcolor>
				</control>
				<control type="label">
					<width>710</width>
					<height>35</height>
					<aligny>bottom</aligny>
					<label>$INFO[PVR.ActStreamUnc,$LOCALIZE[19011] : [COLOR white],[/COLOR]]</label>
					<font>font12</font>
					<shadowcolor>$VAR[ShadowColorVar]</shadowcolor>
					<textcolor>$VAR[SkinColorVar]</textcolor>
				</control>
				<control type="label">
					<width>710</width>
					<height>35</height>
					<aligny>bottom</aligny>
					<label>$INFO[PVR.ActStreamMux,$LOCALIZE[19100] : [COLOR white],[/COLOR]]</label>
					<font>font12</font>
					<shadowcolor>$VAR[ShadowColorVar]</shadowcolor>
					<textcolor>$VAR[SkinColorVar]</textcolor>
				</control>
				<control type="group">
					<height>30</height>
					<width>710</width>
					<control type="label">
						<width>350</width>
						<height>30</height>
						<aligny>bottom</aligny>
						<label>$INFO[PVR.ActStreamSignal,$LOCALIZE[19008] : [COLOR white],[/COLOR]]</label>
						<font>font12</font>
						<shadowcolor>$VAR[ShadowColorVar]</shadowcolor>
						<textcolor>$VAR[SkinColorVar]</textcolor>
					</control>
					<control type="progress">
						<top>15</top>
						<left>360</left>
						<width>350</width>
						<height>10</height>
						<info>PVR.ActStreamProgrSignal</info>
					</control>
				</control>
				<control type="group">
					<height>30</height>
					<width>710</width>
					<control type="label">
						<top>5</top>
						<width>350</width>
						<height>30</height>
						<aligny>bottom</aligny>
						<label>$INFO[PVR.ActStreamSnr,$LOCALIZE[19009] : [COLOR white],[/COLOR]]</label>
						<font>font12</font>
						<shadowcolor>$VAR[ShadowColorVar]</shadowcolor>
						<textcolor>$VAR[SkinColorVar]</textcolor>
					</control>
					<control type="progress">
						<top>15</top>
						<left>360</left>
						<width>350</width>
						<height>10</height>
						<info>PVR.ActStreamProgrSnr</info>
					</control>
				</control>
			</control>
			<control type="button" id="800">
				<left>-10000</left>
				<width>10</width>
				<height>1</height>
				<onfocus>Action(Close)</onfocus>
				<onfocus>ActivateWindow(videoosd)</onfocus>
				<onfocus>SetFocus(70011)</onfocus>
			</control>
			<control type="grouplist" id="5550">
				<left>440</left>
				<bottom>420</bottom>
				<width>1000</width>
				<height>100</height>
				<align>left</align>
				<orientation>horizontal</orientation>
				<itemgap>-20</itemgap>
				<onup>SetFocus(800)</onup>
				<ondown>SetFocus(800)</ondown>
				<usecontrolcoords>true</usecontrolcoords>
				<animation effect="slide" end="-430,0" time="0" condition="[Skin.HasSetting(SmallOSDVideo) + Window.IsVisible(fullscreenvideo) + !Window.IsActive(fullscreeninfo)]">Conditional</animation>
				<animation effect="slide" end="0,-45" time="50" tween="sine" easing="out" condition="PVR.IsTimeShift + !Player.ChannelPreviewActive + ![Skin.HasSetting(SmallOSDVideo) + Window.IsVisible(fullscreenvideo) + !Window.IsActive(fullscreeninfo)]">Conditional</animation>
				<animation effect="slide" end="0,-50" time="50" tween="sine" easing="out" condition="PVR.IsTimeShift + !Player.ChannelPreviewActive + [Skin.HasSetting(SmallOSDVideo) + Window.IsVisible(fullscreenvideo) + !Window.IsActive(fullscreeninfo)]">Conditional</animation>
				<control type="button" id="5552">
					<width>auto</width>
					<height>100</height>
					<textoffsetx>30</textoffsetx>
					<label>$LOCALIZE[31138]</label>
					<font>font25_title</font>
					<onup>5552</onup>
					<ondown>5552</ondown>
					<onclick>SetFocus(800)</onclick>
					<texturefocus border="40" colordiffuse="$VAR[SkinColorVar]">buttons/dialogbutton-fo.png</texturefocus>
					<texturenofocus border="40">buttons/dialogbutton-nofo.png</texturenofocus>
				</control>
				<control type="button" id="5551">
					<width>auto</width>
					<height>100</height>
					<textoffsetx>30</textoffsetx>
					<label>$LOCALIZE[31137]</label>
					<font>font25_title</font>
					<onup>5551</onup>
					<ondown>5551</ondown>
					<onclick>SetFocus(800)</onclick>
					<texturefocus border="40" colordiffuse="$VAR[SkinColorVar]">buttons/dialogbutton-fo.png</texturefocus>
					<texturenofocus border="40">buttons/dialogbutton-nofo.png</texturenofocus>
					<visible>VideoPlayer.Content(livetv)</visible>
				</control>
			</control>
		</control>
	</controls>
</window>