<?xml version="1.0" encoding="UTF-8"?>
<addon id="skin.confluence21.ultimate" version="6.9.8" name="[COLOR FFC1C127]Confluence[/COLOR] [COLOR red]Ultimate[/COLOR]" provider-name="Jezz_X, Team Kodi|Litti19928">
	<requires>
		<import addon="xbmc.gui" version="5.17.0"/>
	</requires>
	<extension point="xbmc.gui.skin" debugging="false" effectslowdown="1.0">
		<res width="1920" height="1080" aspect="16:9" default="true" folder="1080p" />
	</extension>
	<extension point="xbmc.addon.metadata">
		<platform>all</platform>
		<license></license>
		<forum></forum>
		<source></source>
		<assets>
			<icon>resources/icon.png</icon>
			<fanart>resources/fanart.jpg</fanart>
			<screenshot>resources/screenshot-01.jpg</screenshot>
			<screenshot>resources/screenshot-02.jpg</screenshot>
			<screenshot>resources/screenshot-03.jpg</screenshot>
			<screenshot>resources/screenshot-04.jpg</screenshot>
			<screenshot>resources/screenshot-05.jpg</screenshot>
			<screenshot>resources/screenshot-06.jpg</screenshot>
			<screenshot>resources/screenshot-07.jpg</screenshot>
			<screenshot>resources/screenshot-08.jpg</screenshot>
			<screenshot>resources/screenshot-09.jpg</screenshot>
		</assets>
		<news>Omega update.</news>
		<summary lang="de_DE">Confluence Skin von Jezz_X.</summary>
		<description lang="de_DE">[CR]Confluence ist eine Kombination von Konzepten aus vielen beliebten Skins und [CR]versucht, deren besten Ideen zu vereinen, um den Einstieg für neue Kodi-[CR]Nutzer zu erleichtern.[CR][CR]Confluence ist eine Kombination von Konzepten aus vielen beliebten Skins und [CR]versucht, deren besten Ideen zu vereinen, um den Einstieg für neue Kodi-[CR]Nutzer zu erleichtern.[CR][CR]Confluence ist eine Kombination von Konzepten aus vielen beliebten Skins und [CR]versucht, deren besten Ideen zu vereinen, um den Einstieg für neue Kodi-[CR]Nutzer zu erleichtern.[CR][CR]Confluence ist eine Kombination von Konzepten aus vielen beliebten Skins und [CR]versucht, deren besten Ideen zu vereinen, um den Einstieg für neue Kodi-[CR]Nutzer zu erleichtern.</description>
	</extension>
</addon>
