<?xml version="1.0" encoding="UTF-8"?>
<window>
	<defaultcontrol>9000</defaultcontrol>
	<controls>
		<include>fadebackground</include>
		<control type="image"><!-- Dialog background image -->
			<left>376</left>
			<top>342</top>
			<width>1169</width>
			<height>360</height>
			<texture border="14">button-menu-background.png</texture>
		</control>
		<control type="label" id="1"><!-- Dialog heading -->
			<left>398</left>
			<top>351</top>
			<width>1125</width>
			<height>45</height>
			<align>center</align>
		</control>
		<control type="image">
			<left>398</left>
			<top>402</top>
			<width>1125</width>
			<height>6</height>
			<texture>separator.png</texture>
		</control>
		<control type="textbox" id="9"><!-- Dialog info prompt -->
			<left>398</left>
			<top>405</top>
			<width>1125</width>
			<height>215</height>
			<align>center</align>
			<font>apptv20</font>
		</control>
		<control type="progress" id="20">
			<left>398</left>
			<top>586</top>
			<width>1125</width>
			<height>16</height>
			<info>System.Progressbar</info>
		</control>
		<control type="grouplist" id="9000">
			<orientation>horizontal</orientation>
			<left>398</left>
			<top>625</top>
			<width>1125</width>
			<height>60</height>
			<align>center</align>
			<control type="button" id="10">
				<width>375</width>
				<height>60</height>
				<font>apptv23</font>
				<align>center</align>
			</control>
			<control type="button" id="11">
				<width>375</width>
				<height>60</height>
				<font>apptv23</font>
				<align>center</align>
			</control>
			<control type="button" id="12">
				<width>375</width>
				<height>60</height>
				<font>apptv23</font>
				<align>center</align>
			</control>
		</control>
	</controls>
</window>