<?xml version="1.0" encoding="UTF-8"?>
<window id="1171"><!-- Aeon MQ 9 -->
	<defaultcontrol always="true">9928</defaultcontrol>
	<onload>ClearProperty(SkinHelper.WidgetContainer,home)</onload>	
	<onunload>ClearProperty(widgets_selector_sort,1171)</onunload>
	<onunload>SetFocus(9000)</onunload>
	<controls>
		<include content="common_background">
			<param name="mask" value="white80" />	
			<param name="condition" value="true" />
		</include>
		<include content="kiosk_loads">
			<param name="focus" value="SetFocus(8110)" />	
		</include>
		<control type="button" id="8110">
			<include>invisible_button</include>
			<onfocus condition="Skin.HasSetting(languagedone)">SetFocus(6001)</onfocus>
			<onfocus condition="!Skin.HasSetting(languagedone)">SetFocus(9011)</onfocus>
		</control>
		<control type="group">
			<include>animation_window</include>	
			<visible>$EXP[kiosk_code_control]</visible>
			<control type="group">
			<animation effect="slide" start="0,0" end="-900,0" time="300" tween="sine" easing="inout" condition="String.IsEqual(Window.Property(widgets_selector_sort),true)">Conditional</animation>
				<include content="widgets_selector_furniture" condition="String.IsEqual(Window(home).Property(menu_item_id),menu01)">
					<param name="id" value="5001" />
					<param name="menu_item_id" value="menu01" />
				</include>
				<include content="widgets_selector_furniture" condition="String.IsEqual(Window(home).Property(menu_item_id),menu02)">
					<param name="id" value="5002" />
					<param name="menu_item_id" value="menu02" />
				</include>
				<include content="widgets_selector_furniture" condition="String.IsEqual(Window(home).Property(menu_item_id),menu03)">
					<param name="id" value="5003" />
					<param name="menu_item_id" value="menu03" />
				</include>
				<include content="widgets_selector_furniture" condition="String.IsEqual(Window(home).Property(menu_item_id),menu04)">
					<param name="id" value="5004" />
					<param name="menu_item_id" value="menu04" />
				</include>
				<include content="widgets_selector_furniture" condition="String.IsEqual(Window(home).Property(menu_item_id),menu05)">
					<param name="id" value="5005" />
					<param name="menu_item_id" value="menu05" />
				</include>
				<include content="widgets_selector_furniture" condition="String.IsEqual(Window(home).Property(menu_item_id),menu06)">
					<param name="id" value="5006" />
					<param name="menu_item_id" value="menu06" />
				</include>
				<include content="widgets_selector_furniture" condition="String.IsEqual(Window(home).Property(menu_item_id),menu07)">
					<param name="id" value="5007" />
					<param name="menu_item_id" value="menu07" />
				</include>
				<include content="widgets_selector_furniture" condition="String.IsEqual(Window(home).Property(menu_item_id),menu08)">
					<param name="id" value="5008" />
					<param name="menu_item_id" value="menu08" />
				</include>
				<include content="widgets_selector_furniture" condition="String.IsEqual(Window(home).Property(menu_item_id),menu09)">
					<param name="id" value="5009" />
					<param name="menu_item_id" value="menu09" />
				</include>
				<include content="widgets_selector_furniture" condition="String.IsEqual(Window(home).Property(menu_item_id),menu10)">
					<param name="id" value="5010" />
					<param name="menu_item_id" value="menu10" />
				</include>
				<include content="widgets_selector_furniture" condition="String.IsEqual(Window(home).Property(menu_item_id),menu11)">
					<param name="id" value="5011" />
					<param name="menu_item_id" value="menu11" />
				</include>
				<include content="widgets_selector_furniture" condition="String.IsEqual(Window(home).Property(menu_item_id),menu12)">
					<param name="id" value="5012" />
					<param name="menu_item_id" value="menu12" />
				</include>
				<include content="widgets_selector_furniture" condition="String.IsEqual(Window(home).Property(menu_item_id),menu13)">
					<param name="id" value="5013" />
					<param name="menu_item_id" value="menu13" />
				</include>
				<include content="widgets_selector_furniture" condition="String.IsEqual(Window(home).Property(menu_item_id),menu14)">
					<param name="id" value="5014" />
					<param name="menu_item_id" value="menu14" />
				</include>
				<include content="widgets_selector_furniture" condition="String.IsEqual(Window(home).Property(menu_item_id),menu15)">
					<param name="id" value="5015" />
					<param name="menu_item_id" value="menu15" />
				</include>
				<include content="widgets_selector_furniture" condition="String.IsEqual(Window(home).Property(menu_item_id),menu16)">
					<param name="id" value="5016" />
					<param name="menu_item_id" value="menu16" />
				</include>
				<include content="widgets_selector_furniture" condition="String.IsEqual(Window(home).Property(menu_item_id),menu17)">
					<param name="id" value="5017" />
					<param name="menu_item_id" value="menu17" />
				</include>
				<include content="widgets_selector_furniture" condition="String.IsEqual(Window(home).Property(menu_item_id),menu18)">
					<param name="id" value="5018" />
					<param name="menu_item_id" value="menu18" />
				</include>
				<include content="widgets_selector_furniture" condition="String.IsEqual(Window(home).Property(menu_item_id),menu19)">
					<param name="id" value="5019" />
					<param name="menu_item_id" value="menu19" />
				</include>
				<include content="widgets_selector_furniture" condition="String.IsEqual(Window(home).Property(menu_item_id),menu20)">
					<param name="id" value="5020" />
					<param name="menu_item_id" value="menu20" />
				</include>
				<include content="widgets_selector_furniture" condition="String.IsEqual(Window(home).Property(menu_item_id),menu21)">
					<param name="id" value="5021" />
					<param name="menu_item_id" value="menu21" />
				</include>
				<include content="widgets_selector_furniture" condition="String.IsEqual(Window(home).Property(menu_item_id),menu22)">
					<param name="id" value="5022" />
					<param name="menu_item_id" value="menu22" />
				</include>
				<include content="widgets_selector_furniture" condition="String.IsEqual(Window(home).Property(menu_item_id),menu23)">
					<param name="id" value="5023" />
					<param name="menu_item_id" value="menu23" />
				</include>
				<include content="widgets_selector_furniture" condition="String.IsEqual(Window(home).Property(menu_item_id),menu24)">
					<param name="id" value="5024" />
					<param name="menu_item_id" value="menu24" />
				</include>
				<include content="widgets_selector_furniture" condition="String.IsEqual(Window(home).Property(menu_item_id),menu25)">
					<param name="id" value="5025" />
					<param name="menu_item_id" value="menu25" />
				</include>
				<include content="widgets_selector_furniture" condition="String.IsEqual(Window(home).Property(menu_item_id),menu26)">
					<param name="id" value="5026" />
					<param name="menu_item_id" value="menu26" />
				</include>
				<include content="widgets_selector_furniture" condition="String.IsEqual(Window(home).Property(menu_item_id),menu27)">
					<param name="id" value="5027" />
					<param name="menu_item_id" value="menu27" />
				</include>
				<include content="widgets_selector_furniture" condition="String.IsEqual(Window(home).Property(menu_item_id),menu28)">
					<param name="id" value="5028" />
					<param name="menu_item_id" value="menu28" />
				</include>
				<include content="widgets_selector_furniture" condition="String.IsEqual(Window(home).Property(menu_item_id),menu29)">
					<param name="id" value="5029" />
					<param name="menu_item_id" value="menu29" />
				</include>
				<include content="widgets_selector_furniture" condition="String.IsEqual(Window(home).Property(menu_item_id),menu30)">
					<param name="id" value="5030" />
					<param name="menu_item_id" value="menu30" />
				</include>
			</control>			
			<include content="language_setting">
				<param name="close" value="Dialog.Close(1171)" />
				<param name="focus" value="6000" />
			</include>			
		</control>
	</controls>
</window>