<?xml version="1.0" encoding="UTF-8"?>
<window id="1151"><!-- Aeon MQ 9 -->
	<defaultcontrol always="true">9930</defaultcontrol>
	<controls>
		<include content="common_background">
			<param name="mask" value="white80" />	
			<param name="condition" value="true" />
		</include>
		<control type="button" id="9929">
			<include>invisible_button</include>
			<onfocus condition="!String.IsEqual(skin.string(kiosk_code_step),step2)">SetFocus(9930)</onfocus>
			<onfocus condition="![String.IsEqual(skin.string(kiosk_code_step),step1) | String.IsEqual(skin.string(kiosk_code_step),step2) | String.IsEqual(skin.string(kiosk_code_step),step3)]">Skin.SetString(kiosk_code_step,step1)]</onfocus>
			<onfocus condition="String.IsEqual(skin.string(kiosk_code_step),step1)">Skin.SetString(kiosk_code_step,step2)]</onfocus>
			<onfocus condition="String.IsEqual(skin.string(kiosk_code_step),step2)">Skin.SetString(kiosk_code_step,step3)]</onfocus>
			<onfocus condition="String.IsEqual(skin.string(kiosk_code_step),step2)">AlarmClock(kiosk_code,Action(Back),0:02,true)</onfocus>
		</control>
		<control type="button" id="9930">
			<include>invisible_button</include>
			<onleft condition="![String.IsEqual(skin.string(kiosk_code_step),step1) | String.IsEqual(skin.string(kiosk_code_step),step2) | String.IsEqual(skin.string(kiosk_code_step),step3)]">SetFocus(9929)</onleft>
			<onleft condition="String.IsEqual(skin.string(kiosk_code_step),step1) | String.IsEqual(skin.string(kiosk_code_step),step2) | String.IsEqual(skin.string(kiosk_code_step),step3)">Action(Back)</onleft>
			<onleft condition="String.IsEqual(skin.string(kiosk_code_step),step1) | String.IsEqual(skin.string(kiosk_code_step),step2) | String.IsEqual(skin.string(kiosk_code_step),step3)">Skin.Reset(kiosk_code_step)</onleft>
			<onright condition="String.IsEqual(skin.string(kiosk_code_step),step1)">SetFocus(9929)</onright>
			<onright condition="!String.IsEqual(skin.string(kiosk_code_step),step1)">Action(Back)</onright>
			<onright condition="!String.IsEqual(skin.string(kiosk_code_step),step1)">Skin.Reset(kiosk_code_step)</onright>
			<onup condition="String.IsEqual(skin.string(kiosk_code_step),step2)">SetFocus(9929)</onup>
			<onup condition="!String.IsEqual(skin.string(kiosk_code_step),step2)">Action(Back)</onup>
			<onup condition="!String.IsEqual(skin.string(kiosk_code_step),step2)">Skin.Reset((kiosk_code_step)</onup>
			<ondown>Action(Back)</ondown>
			<ondown>Skin.Reset(kiosk_code_step)</ondown>
		</control>
		<control type="group">
			<include>animation_dialog_popup</include>			
			<control type="image">
				<left>1080</left>
				<top>584</top>
				<width>300</width>
				<height>266</height>
				<texture colordiffuse="$VAR[kiosk_code_color]">kiosk_code_open.png</texture>
				<animation effect="slide" start="0,0" end="0,-80" time="400" tween="circle" easing="in" condition="String.IsEqual(skin.string(kiosk_code_step),step3)">Conditional</animation>
			</control>
			<control type="image">
				<left>1050</left>
				<top>736</top>
				<width>360</width>
				<height>238</height>
				<texture colordiffuse="$VAR[kiosk_code_color]">kiosk_code.png</texture>
			</control>
			<control type="label">
				<left>1500</left>
				<top>750</top>
				<width>1740</width>
				<label>$VAR[kiosk_code_status]</label>
				<font>font_title_settings</font>
			</control>
			<control type="label">
				<left>1500</left>
				<top>860</top>
				<width>1740</width>
				<height>60</height>
				<label>$LOCALIZE[31613]</label>
				<font>font_plot</font>
			</control>
		</control>
	</controls>
</window>