<?xml version="1.0" encoding="UTF-8"?>
<window id="1163"><!-- Aeon MQ 9 -->
	<defaultcontrol always="true">60000</defaultcontrol>
	<onload>ClearProperty(skin_settings_auto_setting)</onload>
	<onunload>ClearProperty(skin_settings_auto_setting)</onunload>
	<controls>
		<control type="group">
			<include>animation_window</include>
			<control type="button" id="60000">
				<include>invisible_button</include>	
				<onfocus>$VAR[skin_settings_reset_mode]</onfocus>
				<onfocus>AlarmClock(nextstep,SetFocus(70000),0:01,true)</onfocus>				
			</control>
			<control type="button" id="70000">
				<include>invisible_button</include>
				<onfocus condition="String.IsEqual(Window(home).Property(reset_mode),basic)">SetFocus(80000)</onfocus>				
				<onfocus condition="String.IsEqual(Window(home).Property(reset_mode),partial) | String.IsEqual(Window(home).Property(reset_mode),full)">SetFocus(90000)</onfocus>								
			</control>
			<control type="button" id="80000">
				<include>invisible_button</include>	
				
				<onfocus>Skin.SetString(view_54_movies_art,poster)</onfocus>
				<onfocus>Skin.SetString(view_54_tvshows_art,poster)</onfocus>
				<onfocus>Skin.SetString(view_54_panel,always)</onfocus>	
				<onfocus>Skin.SetString(view_56_panel,always)</onfocus>				
				
				<onfocus>SetProperty(skin_settings_auto_setting,0)</onfocus>
				<onfocus>AlarmClock(nextstep,SetFocus(90011),0:05,true)</onfocus>												
			</control>
			<control type="button" id="90000">
				<include>invisible_button</include>
				<onfocus>SetProperty(skin_settings_auto_setting,10)</onfocus>
				<onfocus>Skin.SetString(mainmenu_horizontal_style,1)</onfocus>
				<onfocus>Skin.SetString(mainmenu_horizontal_style_color,light)</onfocus>
				<onfocus>Skin.SetString(mainmenu_font_style,1)</onfocus>
				<onfocus>Skin.SetString(mainmenu_font_focus_color,light)</onfocus>
				<onfocus>Skin.SetString(mainmenu_font_unfocus_color,default)</onfocus>				
				<onfocus>Skin.SetString(mainmenu_default_focus,0)</onfocus>
				<onfocus>Skin.SetString(mainmenu_focus_true,1)</onfocus>				
				<onfocus>Skin.SetString(label_base_color,dark)</onfocus>
				<onfocus>Skin.SetString(label_highlight_color,light)</onfocus>
				<onfocus>Skin.SetString(texture_base_color,dark)</onfocus>
				<onfocus>Skin.SetString(texture_highlight_color,light)</onfocus>
				<onfocus>Skin.SetString(header_color,header)</onfocus>	
				<onfocus>Skin.SetString(progress_bar_color,progress)</onfocus>				
				<onfocus>Skin.SetString(overlay_watched_color,ff00bfff)</onfocus>
				<onfocus>Skin.SetString(overlay_watched_style,6)</onfocus>
				<onfocus>Skin.SetString(overlay_inprogress_color,ff8db600)</onfocus>				
				<onfocus>Skin.SetString(overlay_inprogress_style,2)</onfocus>
				<onfocus>Skin.SetString(overlay_discart_music_style,2)</onfocus>
				<onfocus>Skin.SetString(overlay_discart_videos_style,4)</onfocus>
				<onfocus>Skin.SetString(discart_music,2)</onfocus>
				<onfocus>Skin.SetString(discart_videos,4)</onfocus>
				<onfocus>Skin.SetString(discart_seconds,4000)</onfocus>
				<onfocus>Skin.SetString(video_fanart,extra)</onfocus>
				<onfocus>Skin.SetString(music_fanart,extra)</onfocus>
				<onfocus>Skin.SetString(programs_fanart,extra)</onfocus>
				<onfocus>Skin.SetString(games_fanart,extra)</onfocus>
				<onfocus>Skin.SetString(music_vis_background,fanart)</onfocus>
				<onfocus>Skin.SetString(vis_discart,ifavailable)</onfocus>
				<onfocus condition="System.HasAddon(script.cu.lrclyrics)">Skin.SetString(lyricscript_path,script.cu.lrclyrics)</onfocus>	
				<onfocus>Skin.SetString(widgets_details_panel_layout,complet)</onfocus>
				<onfocus>Skin.SetString(widgets_mode,on)</onfocus>
				<onfocus>Skin.SetString(widgets_cast_mode,on)</onfocus>
				<onfocus>Skin.SetString(widgets_seconds,3)</onfocus>
				<onfocus>Skin.SetString(SkinHelper.AutoCloseVideoOSD,3)</onfocus>
				<onfocus>Skin.SetString(SkinHelper.AutoCloseMusicOSD,3)</onfocus>
				<onfocus>Skin.SetString(rating_stars_color09,ffe7faff)</onfocus>
				<onfocus>Skin.SetString(rating_stars_color19,ff33d6ff)</onfocus>
				<onfocus>Skin.SetString(rating_stars_color29,ff3870ff)</onfocus>
				<onfocus>Skin.SetString(rating_stars_color39,ffa366ff)</onfocus>
				<onfocus>Skin.SetString(rating_stars_color49,ffa219ff)</onfocus>
				<onfocus>Skin.SetString(rating_stars_color59,ffffe135)</onfocus>
				<onfocus>Skin.SetString(rating_stars_color69,ffff751a)</onfocus>
				<onfocus>Skin.SetString(rating_stars_color79,ffe72e00)</onfocus>
				<onfocus>Skin.SetString(rating_stars_color89,ff8db600)</onfocus>
				<onfocus>Skin.SetString(rating_stars_color100,ff008000)</onfocus>
				<onfocus>Skin.SetString(rating_stars_style,3d)</onfocus>
				<onfocus>Skin.SetString(weather_background_mode,seasonal)</onfocus>				
				<onfocus>Skin.SetBool(SkinHelper.EnableExtraFanart)</onfocus>
				<onfocus>Skin.SetBool(SkinHelper.EnableMusicArt)</onfocus>
				<onfocus>Skin.SetBool(SkinHelper.EnableExtendedArt)</onfocus>				
				<onfocus>Skin.SetString(view_50_videos_discart,ifavailable)</onfocus>
				<onfocus>Skin.SetString(view_50_music_discart,ifavailable)</onfocus>
				<onfocus>Skin.SetString(view_51_panel,always)</onfocus>
				<onfocus>Skin.SetString(view_51_videos_discart,ifavailable)</onfocus>
				<onfocus>Skin.SetString(view_51_music_discart,ifavailable)</onfocus>
				<onfocus>Skin.SetString(view_52_panel,always)</onfocus>
				<onfocus>Skin.SetString(view_53_panel,always)</onfocus>
				<onfocus>Skin.SetString(view_53_videos_discart,ifavailable)</onfocus>
				<onfocus>Skin.SetString(view_54_movies_art,poster)</onfocus>
				<onfocus>Skin.SetString(view_54_tvshows_art,poster)</onfocus>
				<onfocus>Skin.SetString(view_54_panel,always)</onfocus>
				<onfocus>Skin.SetString(view_55_videos_discart,ifavailable)</onfocus>
				<onfocus>Skin.SetString(view_55_music_discart,ifavailable)</onfocus>
				<onfocus>Skin.SetString(view_56_panel,always)</onfocus>	
				<onfocus>Skin.SetString(view_57_videos_discart,ifavailable)</onfocus>
				<onfocus>Skin.SetString(view_58_panel,always)</onfocus>
				<onfocus>Skin.SetString(view_60_panel,always)</onfocus>	
				<onfocus>Skin.SetBool(view_60_art_off)</onfocus>				
				<onfocus>Skin.SetString(view_60_movies_art,clearart)</onfocus>
				<onfocus>Skin.SetString(view_60_sets_art,clearart)</onfocus>
				<onfocus>Skin.SetString(view_60_tvshows_art,clearart)</onfocus>
				<onfocus>Skin.SetString(view_60_episodes_art,thumb)</onfocus>
				<onfocus>Skin.SetString(view_61_panel,always)</onfocus>
				<onfocus>Skin.SetString(view_61_videos_discart,ifavailable)</onfocus>
				<onfocus>Skin.SetString(view_62_panel,always)</onfocus>
				<onfocus>Skin.SetString(view_63_panel,always)</onfocus>
				<onfocus>Skin.SetString(view_67_videos_discart,ifavailable)</onfocus>
				<onfocus>Skin.SetString(view_68_videos_discart,ifavailable)</onfocus>
				<onfocus>Skin.SetString(view_68_music_discart,ifavailable)</onfocus>
				<onfocus>Skin.SetString(view_68_base_color,dark)</onfocus>
				<onfocus>Skin.SetString(view_70_panel,always)</onfocus>
				<onfocus>Skin.SetString(view_70_videos_discart,ifavailable)</onfocus>				
				<onfocus condition="String.IsEqual(Window(home).Property(reset_mode),partial)">AlarmClock(nextstep,SetFocus(90011),0:05,true)</onfocus>
				<onfocus condition="String.IsEqual(Window(home).Property(reset_mode),full)">AlarmClock(nextstep,SetFocus(90001),0:04,true)</onfocus>
			</control>
			<control type="button" id="90001">
				<include>invisible_button</include>
				<onfocus>SetProperty(skin_settings_auto_setting,20)</onfocus>
				<onfocus>Skin.SetString(menu01.master,movie)</onfocus>
				<onfocus>Skin.SetString(menu01.path,ActivateWindow(videos,movietitles,return))</onfocus>				
				<onfocus>Skin.SetString(menu01.submenu,01)</onfocus>				
				<onfocus>Skin.SetString(menu03.master,tvshow)</onfocus>
				<onfocus>Skin.SetString(menu03.path,ActivateWindow(videos,tvshowtitles,return))</onfocus>
				<onfocus>Skin.SetString(menu03.submenu,03)</onfocus>				
				<onfocus>Skin.SetString(menu05.master,concert)</onfocus>
				<onfocus>Skin.SetString(menu05.path,ActivateWindow(videos,musicvideotitles,return))</onfocus>
				<onfocus>Skin.SetString(menu05.submenu,05)</onfocus>				
				<onfocus>Skin.SetString(menu07.master,music)</onfocus>
				<onfocus>Skin.SetString(menu07.path,ActivateWindow(music))</onfocus>
				<onfocus>Skin.SetString(menu07.submenu,07)</onfocus>				
				<onfocus>Skin.SetString(menu09.master,livetv)</onfocus>
				<onfocus>Skin.SetString(menu09.path,ActivateWindow(tvchannels))</onfocus>
				<onfocus>Skin.SetString(menu09.submenu,09)</onfocus>				
				<onfocus>Skin.SetString(menu11.master,radio)</onfocus>
				<onfocus>Skin.SetString(menu11.path,ActivateWindow(radiochannels))</onfocus>
				<onfocus>Skin.SetString(menu11.submenu,00)</onfocus>				
				<onfocus>Skin.SetString(menu13.master,favourite)</onfocus>
				<onfocus>Skin.SetString(menu13.path,ActivateWindow(favourites))</onfocus>
				<onfocus>Skin.SetString(menu13.submenu,00)</onfocus>				
				<onfocus>Skin.SetString(menu15.master,game)</onfocus>
				<onfocus>Skin.SetString(menu15.path,ActivateWindow(games))</onfocus>
				<onfocus>Skin.SetString(menu15.submenu,00)</onfocus>				
				<onfocus>Skin.SetString(menu17.master,program)</onfocus>
				<onfocus condition="!System.Platform.Android">Skin.SetString(menu17.path,ActivateWindow(programs,addons))</onfocus>
				<onfocus condition="System.Platform.Android">Skin.SetString(menu17.path,ActivateWindow(programs))</onfocus>
				<onfocus>Skin.SetString(menu17.submenu,17)</onfocus>				
				<onfocus>Skin.SetString(menu19.master,picture)</onfocus>
				<onfocus>Skin.SetString(menu19.path,ActivateWindow(pictures))</onfocus>
				<onfocus>Skin.SetString(menu19.submenu,00)</onfocus>				
				<onfocus>Skin.SetString(menu21.master,weather)</onfocus>
				<onfocus>Skin.SetString(menu21.widgettype,weather)</onfocus>
				<onfocus>Skin.SetString(menu21.path,ActivateWindow(weather))</onfocus>
				<onfocus>Skin.SetString(menu21.submenu,21)</onfocus>				
				<onfocus>Skin.SetString(menu23.master,setting)</onfocus>
				<onfocus>Skin.SetString(menu23.widgettype,settings)</onfocus>
				<onfocus>Skin.SetString(menu23.path,ActivateWindow(settings))</onfocus>
				<onfocus>Skin.SetString(menu23.submenu,23)</onfocus>				
				<onfocus>Skin.SetString(menu25.master,shutdown)</onfocus>
				<onfocus>Skin.SetString(menu25.path,ShutDown)</onfocus>
				<onfocus>Skin.SetString(menu25.submenu,25)</onfocus>				
				<onfocus>AlarmClock(nextstep,SetFocus(90002),0:02,true)</onfocus>
			</control>
			<control type="button" id="90002">
				<include>invisible_button</include>
				<onfocus>SetProperty(skin_settings_auto_setting,30)</onfocus>
				<onfocus>Skin.SetString(submenu01.1.master,movie)</onfocus>
				<onfocus>Skin.SetString(submenu01.1.path,ActivateWindow(videos,recentlyaddedmovies,return))</onfocus>
				<onfocus>Skin.SetString(submenu01.2.master,movie)</onfocus>
				<onfocus>Skin.SetString(submenu01.2.path,ActivateWindow(videos,moviesets,return))</onfocus>
				<onfocus>Skin.SetString(submenu01.3.master,movie)</onfocus>
				<onfocus>Skin.SetString(submenu01.3.path,ActivateWindow(videos,moviegenres,return))</onfocus>
				<onfocus>Skin.SetString(submenu01.4.master,movie)</onfocus>
				<onfocus>Skin.SetString(submenu01.4.path,ActivateWindow(videos,movieyears,return))</onfocus>
				<onfocus>Skin.SetString(submenu01.5.master,movie)</onfocus>
				<onfocus>Skin.SetString(submenu01.5.path,ActivateWindow(videos,movieactors,return))</onfocus>
				<onfocus>Skin.SetString(submenu01.6.master,movie)</onfocus>
				<onfocus>Skin.SetString(submenu01.6.path,ActivateWindow(videos,moviedirectors,return))</onfocus>
				<onfocus>Skin.SetString(submenu01.7.master,movie)</onfocus>
				<onfocus>Skin.SetString(submenu01.7.path,ActivateWindow(videos,moviestudios,return))</onfocus>
				<onfocus>Skin.SetString(submenu01.8.master,movie)</onfocus>
				<onfocus>Skin.SetString(submenu01.8.path,ActivateWindow(videos,moviecountries,return))</onfocus>
				<onfocus>Skin.SetString(submenu01.9.master,movie)</onfocus>
				<onfocus>Skin.SetString(submenu01.9.path,ActivateWindow(videos,movietags,return))</onfocus>
				<onfocus>Skin.SetString(submenu01.10.master,movie)</onfocus>
				<onfocus>Skin.SetString(submenu01.10.path,CleanLibrary(video))</onfocus>
				<onfocus>Skin.SetString(submenu01.11.master,movie)</onfocus>
				<onfocus>Skin.SetString(submenu01.11.path,UpdateLibrary(video))</onfocus>
				<onfocus>Skin.SetString(submenu01.12.master,movie)</onfocus>
				<onfocus>Skin.SetString(submenu01.12.path,ActivateWindow(videos,files,return))</onfocus>
				<onfocus>Skin.SetString(submenu01.13.master,globalsearch)</onfocus>
				<onfocus>Skin.SetString(submenu01.13.path,RunScript(script.globalsearch))</onfocus>
				<onfocus>Skin.SetString(submenu01.14.master,vsmartplaylist)</onfocus>
				<onfocus>Skin.SetString(submenu01.14.path,ActivateWindow(videos,playlists,return))</onfocus>
				<onfocus>AlarmClock(nextstep,SetFocus(90003),0:01,true)</onfocus>
			</control>
			<control type="button" id="90003">
				<include>invisible_button</include>
				<onfocus>SetProperty(skin_settings_auto_setting,40)</onfocus>
				<onfocus>Skin.SetString(submenu03.1.master,tvshowrecently)</onfocus>
				<onfocus>Skin.SetString(submenu03.1.path,ActivateWindow(videos,recentlyaddedepisodes,return))</onfocus>
				<onfocus>Skin.SetString(submenu03.2.master,tvguide)</onfocus>
				<onfocus>Skin.SetString(submenu03.2.path,RunScript(script.tv.show.next.aired))</onfocus>
				<onfocus>Skin.SetString(submenu03.3.master,tvshowgenres)</onfocus>
				<onfocus>Skin.SetString(submenu03.3.path,ActivateWindow(videos,tvshowgenres,return))</onfocus>
				<onfocus>Skin.SetString(submenu03.4.master,tvshowyears)</onfocus>
				<onfocus>Skin.SetString(submenu03.4.path,ActivateWindow(videos,tvshowyears,return))</onfocus>
				<onfocus>Skin.SetString(submenu03.5.master,tvshowactors)</onfocus>
				<onfocus>Skin.SetString(submenu03.5.path,ActivateWindow(videos,tvshowactors,return))</onfocus>
				<onfocus>Skin.SetString(submenu03.6.master,tvshowstudios)</onfocus>
				<onfocus>Skin.SetString(submenu03.6.path,ActivateWindow(videos,tvshowstudios,return))</onfocus>
				<onfocus>Skin.SetString(submenu03.7.master,videocleanlibrary)</onfocus>
				<onfocus>Skin.SetString(submenu03.7.path,CleanLibrary(video))</onfocus>
				<onfocus>Skin.SetString(submenu03.8.master,videoupdatelibrary)</onfocus>
				<onfocus>Skin.SetString(submenu03.8.path,UpdateLibrary(video))</onfocus>
				<onfocus>Skin.SetString(submenu03.9.master,videos)</onfocus>
				<onfocus>Skin.SetString(submenu03.9.path,ActivateWindow(videos,files,return))</onfocus>
				<onfocus>Skin.SetString(submenu03.10.master,globalsearch)</onfocus>
				<onfocus>Skin.SetString(submenu03.10.path,RunScript(script.globalsearch))</onfocus>
				<onfocus>AlarmClock(nextstep,SetFocus(90004),0:01,true)</onfocus>
			</control>
			<control type="button" id="90004">
				<include>invisible_button</include>
				<onfocus>SetProperty(skin_settings_auto_setting,50)</onfocus>
				<onfocus>Skin.SetString(submenu05.1.master,concertrecently)</onfocus>
				<onfocus>Skin.SetString(submenu05.1.path,ActivateWindow(videos,recentlyaddedmusicvideos,return))</onfocus>
				<onfocus>Skin.SetString(submenu05.2.master,concertgenres)</onfocus>
				<onfocus>Skin.SetString(submenu05.2.path,ActivateWindow(videos,musicvideogenres,return))</onfocus>
				<onfocus>Skin.SetString(submenu05.3.master,concertyears)</onfocus>
				<onfocus>Skin.SetString(submenu05.3.path,ActivateWindow(videos,musicvideoyears,return))</onfocus>
				<onfocus>Skin.SetString(submenu05.4.master,concertartists)</onfocus>
				<onfocus>Skin.SetString(submenu05.4.path,ActivateWindow(videos,musicvideoartists,return))</onfocus>
				<onfocus>Skin.SetString(submenu05.5.master,concertalbums)</onfocus>
				<onfocus>Skin.SetString(submenu05.5.path,ActivateWindow(videos,musicvideoalbums,return))</onfocus>
				<onfocus>Skin.SetString(submenu05.6.master,concertdirectors)</onfocus>
				<onfocus>Skin.SetString(submenu05.6.path,ActivateWindow(videos,musicvideodirectors,return))</onfocus>
				<onfocus>Skin.SetString(submenu05.7.master,concertstudios)</onfocus>
				<onfocus>Skin.SetString(submenu05.7.path,ActivateWindow(videos,musicvideostudios,return))</onfocus>
				<onfocus>Skin.SetString(submenu05.8.master,videocleanlibrary)</onfocus>
				<onfocus>Skin.SetString(submenu05.8.path,CleanLibrary(video))</onfocus>
				<onfocus>Skin.SetString(submenu05.9.master,videoupdatelibrary)</onfocus>
				<onfocus>Skin.SetString(submenu05.9.path,UpdateLibrary(video))</onfocus>
				<onfocus>Skin.SetString(submenu05.10.master,videos)</onfocus>
				<onfocus>Skin.SetString(submenu05.10.path,ActivateWindow(videos,files,return))</onfocus>
				<onfocus>Skin.SetString(submenu05.11.master,globalsearch)</onfocus>
				<onfocus>Skin.SetString(submenu05.11.path,RunScript(script.globalsearch))</onfocus>
				<onfocus>AlarmClock(nextstep,SetFocus(90005),0:01,true)</onfocus>
			</control>
			<control type="button" id="90005">
				<include>invisible_button</include>
				<onfocus>SetProperty(skin_settings_auto_setting,60)</onfocus>
				<onfocus>Skin.SetString(submenu07.1.master,musicrecentlyplayed)</onfocus>
				<onfocus>Skin.SetString(submenu07.1.path,ActivateWindow(music,recentlyplayedalbums,return))</onfocus>
				<onfocus>Skin.SetString(submenu07.2.master,musicrecently)</onfocus>
				<onfocus>Skin.SetString(submenu07.2.path,ActivateWindow(music,recentlyaddedalbums,return))</onfocus>
				<onfocus>Skin.SetString(submenu07.3.master,musicvideoclips)</onfocus>
				<onfocus>Skin.SetString(submenu07.3.path,ActivateWindow(videos,plugin://plugin.video.youtube/?path=/root/search&amp;feed=search&amp;search=$INFO[MusicPlayer.Artist],return))</onfocus>
				<onfocus>Skin.SetString(submenu07.4.master,musicgenres)</onfocus>
				<onfocus>Skin.SetString(submenu07.4.path,ActivateWindow(music,genres,return))</onfocus>
				<onfocus>Skin.SetString(submenu07.5.master,musicplaylists)</onfocus>
				<onfocus>Skin.SetString(submenu07.5.path,ActivateWindow(music,playlists,return))</onfocus>
				<onfocus>Skin.SetString(submenu07.6.master,musicartists)</onfocus>
				<onfocus>Skin.SetString(submenu07.6.path,ActivateWindow(music,artists,return))</onfocus>
				<onfocus>Skin.SetString(submenu07.7.master,musicalbums)</onfocus>
				<onfocus>Skin.SetString(submenu07.7.path,ActivateWindow(music,albums,return))</onfocus>
				<onfocus>Skin.SetString(submenu07.8.master,musicsongs)</onfocus>
				<onfocus>Skin.SetString(submenu07.8.path,ActivateWindow(music,songs,return))</onfocus>
				<onfocus>Skin.SetString(submenu07.9.master,music)</onfocus>
				<onfocus>Skin.SetString(submenu07.9.path,ActivateWindow(music,files,return))</onfocus>
				<onfocus>Skin.SetString(submenu07.10.master,musicpartymode)</onfocus>
				<onfocus>Skin.SetString(submenu07.10.path,PlayerControl(Partymode(music)))</onfocus>
				<onfocus>Skin.SetString(submenu07.11.master,musiccompilations)</onfocus>
				<onfocus>Skin.SetString(submenu07.11.path,ActivateWindow(music,compilations,return))</onfocus>
				<onfocus>Skin.SetString(submenu07.12.master,musictop100)</onfocus>
				<onfocus>Skin.SetString(submenu07.12.path,ActivateWindow(music,top100,return))</onfocus>
				<onfocus>Skin.SetString(submenu07.13.master,musiccleanlibrary)</onfocus>
				<onfocus>Skin.SetString(submenu07.13.path,CleanLibrary(music))</onfocus>
				<onfocus>Skin.SetString(submenu07.14.master,musicupdatelibrary)</onfocus>
				<onfocus>Skin.SetString(submenu07.14.path,UpdateLibrary(music))</onfocus>
				<onfocus>Skin.SetString(submenu07.15.master,globalsearch)</onfocus>
				<onfocus>Skin.SetString(submenu07.15.path,RunScript(script.globalsearch))</onfocus>
				<onfocus>Skin.SetString(submenu07.16.master,musicsources)</onfocus>
				<onfocus>Skin.SetString(submenu07.16.path,ActivateWindow(music,musicdb://sources/,return))</onfocus>
				<onfocus>Skin.SetString(submenu07.17.master,musicroles)</onfocus>
				<onfocus>Skin.SetString(submenu07.17.path,ActivateWindow(music,library://music/musicroles/,return))</onfocus>
				<onfocus>AlarmClock(nextstep,SetFocus(90006),0:01,true)</onfocus>
			</control>
			<control type="button" id="90006">
				<include>invisible_button</include>
				<onfocus>SetProperty(skin_settings_auto_setting,70)</onfocus>
				<onfocus>Skin.SetString(submenu09.1.master,livetvchannels)</onfocus>
				<onfocus>Skin.SetString(submenu09.1.path,ActivateWindow(TVChannels))</onfocus>
				<onfocus>Skin.SetString(submenu09.2.master,livetvepg)</onfocus>
				<onfocus>Skin.SetString(submenu09.2.path,ActivateWindow(TVGuide))</onfocus>
				<onfocus>Skin.SetString(submenu09.3.master,livetvsearch)</onfocus>
				<onfocus>Skin.SetString(submenu09.3.path,ActivateWindow(TVSearch))</onfocus>
				<onfocus>Skin.SetString(submenu09.4.master,livetvrecords)</onfocus>
				<onfocus>Skin.SetString(submenu09.4.path,ActivateWindow(TVRecordings))</onfocus>
				<onfocus>Skin.SetString(submenu09.5.master,livetvtimers)</onfocus>
				<onfocus>Skin.SetString(submenu09.5.path,ActivateWindow(TVTimers))</onfocus>
				<onfocus>Skin.SetString(submenu09.6.master,livetvsettings)</onfocus>
				<onfocus>Skin.SetString(submenu09.6.path,ActivateWindow(pvrsettings))</onfocus>
				<onfocus>AlarmClock(nextstep,SetFocus(90007),0:01,true)</onfocus>
			</control>
			<control type="button" id="90007">
				<include>invisible_button</include>
				<onfocus>SetProperty(skin_settings_auto_setting,80)</onfocus>
				<onfocus>Skin.SetString(submenu17.1.master,settingsaddons)</onfocus>
				<onfocus>Skin.SetString(submenu17.1.path,ActivateWindow(addonbrowser))</onfocus>
				<onfocus>Skin.SetString(submenu17.2.master,settingsaddonsprograms)</onfocus>
				<onfocus>Skin.SetString(submenu17.2.path,ActivateWindow(programs,addons,return))</onfocus>
				<onfocus>Skin.SetString(submenu17.3.master,settingsaddonsvideo)</onfocus>
				<onfocus>Skin.SetString(submenu17.3.path,ActivateWindow(videos,addons,return))</onfocus>
				<onfocus>Skin.SetString(submenu17.4.master,settingsaddonsmusic)</onfocus>
				<onfocus>Skin.SetString(submenu17.4.path,ActivateWindow(music,addons,return))</onfocus>
				<onfocus>Skin.SetString(submenu17.5.master,settingsaddonsgames)</onfocus>
				<onfocus>Skin.SetString(submenu17.5.path,ActivateWindow(games,addons,return))</onfocus>
				<onfocus>Skin.SetString(submenu17.6.master,settingsaddonspictures)</onfocus>
				<onfocus>Skin.SetString(submenu17.6.path,ActivateWindow(pictures,addons,return))</onfocus>				
				<onfocus>AlarmClock(nextstep,SetFocus(90008),0:01,true)</onfocus>
			</control>
			<control type="button" id="90008">
				<include>invisible_button</include>
				<onfocus>SetProperty(skin_settings_auto_setting,90)</onfocus>
				<onfocus>Skin.SetString(submenu21.1.master,weathersettings)</onfocus>
				<onfocus>Skin.SetString(submenu21.1.path,ActivateWindowAndFocus(ServiceSettings, -96,0, -79,0))</onfocus>				
				<onfocus>Skin.SetString(submenu23.1.master,settingscustom)</onfocus>
				<onfocus>Skin.SetString(submenu23.1.path,ActivateWindow(1157))</onfocus>				
				<onfocus>Skin.SetString(submenu23.2.master,settingsskin)</onfocus>
				<onfocus>Skin.SetString(submenu23.2.path,ActivateWindow(skinsettings))</onfocus>
				<onfocus>Skin.SetString(submenu23.3.master,settingspresets)</onfocus>
				<onfocus>Skin.SetString(submenu23.3.path,ActivateWindow(1161))</onfocus>				
				<onfocus>Skin.SetString(submenu23.4.master,settingsfilemanager)</onfocus>
				<onfocus>Skin.SetString(submenu23.4.path,ActivateWindow(filemanager))</onfocus>
				<onfocus>Skin.SetString(submenu23.5.master,settingssystem)</onfocus>
				<onfocus>Skin.SetString(submenu23.5.path,ActivateWindow(systeminfo))</onfocus>
				<onfocus>AlarmClock(nextstep,SetFocus(90009),0:01,true)</onfocus>
			</control>			
			<control type="button" id="90009">
				<include>invisible_button</include>
				<onfocus>SetProperty(skin_settings_auto_setting,100)</onfocus>
				<onfocus>Skin.SetString(submenu25.1.master,quit)</onfocus>
				<onfocus>Skin.SetString(submenu25.1.path,Quit())</onfocus>
				<onfocus>Skin.SetString(submenu25.2.master,powerdown)</onfocus>
				<onfocus>Skin.SetString(submenu25.2.path,Powerdown())</onfocus>
				<onfocus>Skin.SetString(submenu25.3.master,reboot)</onfocus>
				<onfocus>Skin.SetString(submenu25.3.path,Reboot())</onfocus>
				<onfocus>Skin.SetString(submenu25.4.master,reboottointernal)</onfocus>
				<onfocus>Skin.SetString(submenu25.4.path,System.ExecWait("/usr/sbin/rebootfromnand"))</onfocus>
				<onfocus>Skin.SetString(submenu25.5.master,suspend)</onfocus>
				<onfocus>Skin.SetString(submenu25.5.path,Suspend())</onfocus>
				<onfocus>Skin.SetString(submenu25.6.master,hibernate)</onfocus>
				<onfocus>Skin.SetString(submenu25.6.path,Hibernate())</onfocus>
				<onfocus>Skin.SetString(submenu25.7.master,timer)</onfocus>
				<onfocus>Skin.SetString(submenu25.7.path,AlarmClock(shutdowntimer,Powerdown))</onfocus>
				<onfocus>Skin.SetString(submenu25.8.master,canceltimer)</onfocus>
				<onfocus>Skin.SetString(submenu25.8.path,CancelAlarm(shutdowntimer))</onfocus>
				<onfocus>Skin.SetString(submenu25.9.master,logoff))</onfocus>
				<onfocus>Skin.SetString(submenu25.9.path,System.Logoff)</onfocus>
				<onfocus>AlarmClock(nextstep,SetFocus(90010),0:01,true)</onfocus>
			</control>
			<control type="button" id="90010">
				<include>invisible_button</include>
				<onfocus>SetProperty(skin_settings_auto_setting,110)</onfocus>
				<onfocus>Skin.SetString(media_case_music_style,default)</onfocus>
				<onfocus>Skin.SetString(media_case_music_default_color,cc54c4c4)</onfocus>
				<onfocus>Skin.SetString(media_case_music_default_flag,default)</onfocus>					
				<onfocus>Skin.SetString(media_case_music_aac_color,cc0000ff)</onfocus>
				<onfocus>Skin.SetString(media_case_music_aac_flag,aac)</onfocus>
				<onfocus>Skin.SetString(media_case_music_ac3_color,cc006600)</onfocus>
				<onfocus>Skin.SetString(media_case_music_ac3_flag,ac3)</onfocus>
				<onfocus>Skin.SetString(media_case_music_aif_color,cc800000)</onfocus>
				<onfocus>Skin.SetString(media_case_music_aif_flag,aif)</onfocus>
				<onfocus>Skin.SetString(media_case_music_aifc_color,cccc00cc)</onfocus>
				<onfocus>Skin.SetString(media_case_music_aifc_flag,aifc)</onfocus>
				<onfocus>Skin.SetString(media_case_music_aiff_color,ccff3300)</onfocus>
				<onfocus>Skin.SetString(media_case_music_aiff_flag,aiff)</onfocus>
				<onfocus>Skin.SetString(media_case_music_avs_color,ccff9900)</onfocus>
				<onfocus>Skin.SetString(media_case_music_avs_flag,avs)</onfocus>
				<onfocus>Skin.SetString(media_case_music_ape_color,cc33cc33)</onfocus>
				<onfocus>Skin.SetString(media_case_music_ape_flag,ape)</onfocus>
				<onfocus>Skin.SetString(media_case_music_cdda_color,cc00ffcc)</onfocus>
				<onfocus>Skin.SetString(media_case_music_cdda_flag,cdda)</onfocus>
				<onfocus>Skin.SetString(media_case_music_dts_color,cc00ccff)</onfocus>
				<onfocus>Skin.SetString(media_case_music_dts_flag,dts)</onfocus>
				<onfocus>Skin.SetString(media_case_music_dsd_color,cc6666ff)</onfocus>
				<onfocus>Skin.SetString(media_case_music_dsd_flag,dsd)</onfocus>
				<onfocus>Skin.SetString(media_case_music_flac_color,cccc66ff)</onfocus>
				<onfocus>Skin.SetString(media_case_music_flac_flag,flac)</onfocus>
				<onfocus>Skin.SetString(media_case_music_alac_color,ccff9966)</onfocus>
				<onfocus>Skin.SetString(media_case_music_alac_flag,alac)</onfocus>
				<onfocus>Skin.SetString(media_case_music_m4a_color,ccffcc00)</onfocus>
				<onfocus>Skin.SetString(media_case_music_m4a_flag,m4a)</onfocus>
				<onfocus>Skin.SetString(media_case_music_mlp_color,cc9933ff)</onfocus>
				<onfocus>Skin.SetString(media_case_music_mlp_flag,mlp)</onfocus>
				<onfocus>Skin.SetString(media_case_music_mp2_color,cc990033)</onfocus>
				<onfocus>Skin.SetString(media_case_music_mp2_flag,mp2)</onfocus>
				<onfocus>Skin.SetString(media_case_music_mp3_color,ccff6600)</onfocus>
				<onfocus>Skin.SetString(media_case_music_mp3_flag,mp3)</onfocus>
				<onfocus>Skin.SetString(media_case_music_mpc_color,cc006666)</onfocus>
				<onfocus>Skin.SetString(media_case_music_mpc_flag,mpc)</onfocus>
				<onfocus>Skin.SetString(media_case_music_ogg_color,ccffccff)</onfocus>
				<onfocus>Skin.SetString(media_case_music_ogg_flag,ogg)</onfocus>
				<onfocus>Skin.SetString(media_case_music_ra_color,cc333399)</onfocus>
				<onfocus>Skin.SetString(media_case_music_ra_flag,ra)</onfocus>
				<onfocus>Skin.SetString(media_case_music_shn_color,cc666699)</onfocus>
				<onfocus>Skin.SetString(media_case_music_shn_flag,shn)</onfocus>
				<onfocus>Skin.SetString(media_case_music_wav_color,ccff3399)</onfocus>
				<onfocus>Skin.SetString(media_case_music_wav_flag,wav)</onfocus>
				<onfocus>Skin.SetString(media_case_music_wma_color,cc996633)</onfocus>
				<onfocus>Skin.SetString(media_case_music_wma_flag,wma)</onfocus>
				<onfocus>Skin.SetString(media_case_music_wv_color,cc99cc00)</onfocus>
				<onfocus>Skin.SetString(media_case_music_wv_flag,wv)</onfocus>				
				<onfocus>Skin.SetString(media_case_videos_style,default)</onfocus>				
				<onfocus>Skin.SetString(media_case_videos_default_color,cc54c4c4)</onfocus>
				<onfocus>Skin.SetString(media_case_videos_default_flag,default)</onfocus>					
				<onfocus>Skin.SetString(media_case_videos_bluray_color,cc00afff)</onfocus>
				<onfocus>Skin.SetString(media_case_videos_bluray_flag,bluray)</onfocus>
				<onfocus>Skin.SetString(media_case_videos_hddvd_color,ccff1a1a)</onfocus>
				<onfocus>Skin.SetString(media_case_videos_hddvd_flag,hddvd)</onfocus>
				<onfocus>Skin.SetString(media_case_videos_3dbd_color,ccffa500)</onfocus>
				<onfocus>Skin.SetString(media_case_videos_3dbd_flag,3dbd)</onfocus>
				<onfocus>Skin.SetString(media_case_videos_webtv_color,cc366d24)</onfocus>
				<onfocus>Skin.SetString(media_case_videos_webtv_flag,webtv)</onfocus>				
				<onfocus>Skin.SetString(media_case_videos_hdtv_color,cc8a2be2)</onfocus>
				<onfocus>Skin.SetString(media_case_videos_hdtv_flag,hdtv)</onfocus>				
				<onfocus>Skin.SetString(media_case_videos_dvd_color,ccadd8e6)</onfocus>
				<onfocus>Skin.SetString(media_case_videos_dvd_flag,dvd)</onfocus>				
				<onfocus>Skin.SetString(media_case_videos_set_color,ccf4f483)</onfocus>
				<onfocus>Skin.SetString(media_case_videos_set_flag,set)</onfocus>				
				<onfocus>Skin.SetString(media_case_videos_4k_color,cca43000)</onfocus>
				<onfocus>Skin.SetString(media_case_videos_4k_flag,4k)</onfocus>				
				<onfocus>Skin.SetString(media_case_videos_8k_color,ccb7677a)</onfocus>
				<onfocus>Skin.SetString(media_case_videos_8k_flag,8k)</onfocus>								
				<onfocus>AlarmClock(nextstep,SetFocus(90011),0:02,true)</onfocus>
			</control>
			<control type="button" id="90011">
				<include>invisible_button</include>
				<onfocus>SetProperty(skin_settings_auto_setting,111)</onfocus>
				<onfocus>AlarmClock(nextstep,SetFocus(90012),0:02,true)</onfocus>
			</control>
			<control type="button" id="90012">
				<include>invisible_button</include>
				<onfocus>ClearProperty(reset_mode,home)</onfocus>
				<onfocus>Skin.SetString(skin_reset_basic,reset_basic_06)</onfocus>
				<onfocus>Skin.SetString(skin_reset_full,reset_full_01)</onfocus>			
				<onfocus>ReplaceWindow(home)</onfocus>
			</control>
			<control type="image">
				<texture>special://skin/extras/first_settings.jpg</texture>
			</control>
			<control type="label">
				<left>300</left>
				<top>1280</top>
				<width>3240</width>
				<height>600</height>
				<align>center</align>
				<aligny>top</aligny>
				<label>$VAR[skin_settings_reset_step]</label>
				<font>font_plot</font>
				<textcolor>light</textcolor>
			</control>
			<control type="group">
				<animation effect="fade" start="0" end="100" time="300" delay="1000">WindowOpen</animation>
				<animation effect="fade" start="0" end="100" time="300" delay="2000">Visible</animation>
				<animation effect="fade" start="100" end="0" time="200">Hidden</animation>
				<visible>Integer.IsLess(Window(1163).Property(skin_settings_auto_setting),110)</visible>				
				<control type="image">
					<left>1524</left>
					<top>1294</top>
					<width>792</width>
					<height>792</height>
					<texture colordiffuse="$VAR[skin_settings_reset_color]">dialogs_busy.png</texture>
					<aspectratio align="center" aligny="center">keep</aspectratio>
					<animation effect="rotate" end="-360" center="auto" time="2000" loop="true" reversible="false" condition="true">Conditional</animation>
				</control>
				<control type="label">
					<left>1840</left>
					<top>1662</top>
					<width>161</width>
					<height>46</height>
					<align>center</align>
					<label>$INFO[Window(1163).Property(skin_settings_auto_setting)]%</label>
					<font>font_plot</font>
					<textcolor>light</textcolor>
					<visible>Integer.IsGreater(Window(1163).Property(skin_settings_auto_setting),0) + ![String.IsEqual(Window(home).Property(reset_mode),basic) | String.IsEqual(Window(home).Property(reset_mode),partial)]</visible>
				</control>
				<control type="label">
					<left>300</left>
					<top>1920</top>
					<width>3240</width>
					<height>200</height>
					<align>center</align>
					<label>31654</label>
					<font>font_plot</font>
					<textcolor>light</textcolor>
				</control>
			</control>
			<control type="label">
				<left>2860</left>
				<top>2010</top>
				<width>800</width>
				<height>80</height>
				<align>right</align>
				<label>$VAR[skin_version]</label>
				<font>Font13</font>
				<textcolor>light</textcolor>
			</control>
		</control>
	</controls>
</window>