<?xml version="1.0" encoding="UTF-8"?>
<fonts><!-- Aeon MQ 9 -->
	<fontset id="Default" unicode="true">
		<font>
			<name>font_plot_small</name>
			<filename>aeon_common.ttf</filename>
			<size>46</size>
		</font>
		<font>
			<name>Font13</name>
			<filename>aeon_common.ttf</filename>
			<size>48</size>
		</font>
		<font>
		<name>font_button</name>
			<filename>aeon_common.ttf</filename>
			<size>48</size>
			<style>uppercase</style>
		</font>
		<font>
			<name>font_details</name>
			<filename>aeon_common.ttf</filename>
			<size>50</size>
		</font>
		<font>
			<name>font_settings</name>
			<filename>aeon_common.ttf</filename>
			<size>52</size>
			<style>uppercase</style>
		</font>
		<font>		
			<name>font_header</name>
			<filename>aeon_common.ttf</filename>
			<size>56</size>
			<style>uppercase</style>
		</font>
		<font>			
			<name>font_plot</name>
			<filename>aeon_common.ttf</filename>
			<size>56</size>
		</font>
		<font>		
			<name>font_list_boldsmall</name>
			<filename>aeon_common.ttf</filename>
			<size>60</size>
			<style>bold</style>
		</font>
		<font>
			<name>font_menu_virtual_small_1</name>
			<filename>aeon_mainmenu1.ttf</filename>
			<size>61</size>
		</font>
		<font>
			<name>font_menu_virtual_small_2</name>
			<filename>aeon_mainmenu2.ttf</filename>
			<size>61</size>
		</font>
		<font>
			<name>font_menu_virtual_small_3</name>
			<filename>aeon_mainmenu3.ttf</filename>
			<size>61</size>
		</font>
		<font>
			<name>font_menu_virtual_small_4</name>
			<filename>aeon_mainmenu4.ttf</filename>
			<size>61</size>
		</font>
		<font>
			<name>font_menu_virtual_small_5</name>
			<filename>aeon_mainmenu5.ttf</filename>
			<size>61</size>
		</font>
		<font>
			<name>font_menu_virtual_small_6</name>
			<filename>aeon_mainmenu6.ttf</filename>
			<size>61</size>
		</font>
		<font>
			<name>font_menu_virtual_small_7</name>
			<filename>aeon_mainmenu7.ttf</filename>
			<size>61</size>
		</font>
		<font>
			<name>font_menu_virtual_small_8</name>
			<filename>aeon_mainmenu8.ttf</filename>
			<size>61</size>
		</font>
		<font>
			<name>font_lyrics</name>
			<filename>aeon_common.ttf</filename>
			<size>64</size>
			<style>bold</style>
		</font>
		<font>						
			<name>font_list</name>
			<filename>aeon_common.ttf</filename>
			<size>76</size>
		</font>
		<font>
			<name>font_list_bold</name>
			<filename>aeon_common.ttf</filename>
			<size>80</size>
			<style>bold</style>
		</font>
		<font>
			<name>font_menu_small_1</name>
			<filename>aeon_mainmenu1.ttf</filename>
			<size>83</size>
		</font>
		<font>
			<name>font_menu_small_2</name>
			<filename>aeon_mainmenu2.ttf</filename>
			<size>83</size>
		</font>
		<font>
			<name>font_menu_small_3</name>
			<filename>aeon_mainmenu3.ttf</filename>
			<size>83</size>
		</font>
		<font>
			<name>font_menu_small_4</name>
			<filename>aeon_mainmenu4.ttf</filename>
			<size>83</size>
		</font>
		<font>
			<name>font_menu_small_5</name>
			<filename>aeon_mainmenu5.ttf</filename>
			<size>83</size>
		</font>
		<font>
			<name>font_menu_small_6</name>
			<filename>aeon_mainmenu6.ttf</filename>
			<size>83</size>
		</font>
		<font>
			<name>font_menu_small_7</name>
			<filename>aeon_mainmenu7.ttf</filename>
			<size>83</size>
		</font>
		<font>
			<name>font_menu_small_8</name>
			<filename>aeon_mainmenu8.ttf</filename>
			<size>83</size>
		</font>
		<font>
		<name>font_weather_clock</name>
			<filename>aeon_common.ttf</filename>
			<size>85</size>
		</font>
		<font>
			<name>font_clock_settings</name>
			<filename>aeon_common.ttf</filename>
			<size>88</size>
			<style>bold</style>
		</font>
		<font>			
			<name>font_lyrics_focus</name>
			<filename>aeon_common.ttf</filename>
			<size>90</size>
			<style>bold</style>
		</font>
		<font>	
			<name>font_year</name>
			<filename>aeon_common.ttf</filename>
			<size>90</size>
			<style>bold</style>
		</font>
		<font>
			<name>font_weather_home</name>
			<filename>aeon_common.ttf</filename>
			<size>90</size>
			<style>bold</style>
		</font>
		<font>
			<name>font_title_settings</name>
			<filename>aeon_common.ttf</filename>
			<size>90</size>
			<style>uppercase</style>
		</font>
		<font>
			<name>font_title_floor</name>
			<filename>aeon_mainmenu1.ttf</filename>
			<size>100</size>
		</font>
		<font>
			<name>font_title</name>
			<filename>aeon_common.ttf</filename>
			<size>110</size>
		</font>
		<font>
			<name>font_view_title</name>
			<filename>aeon_common.ttf</filename>
			<size>110</size>
			<style>bold</style>
		</font>
		<font>
		<name>font_clockhome</name>
			<filename>aeon_common.ttf</filename>
			<size>140</size>
			<style>bold</style>
		</font>
		<font>
			<name>font_menu_virtual_1</name>
			<filename>aeon_mainmenu1.ttf</filename>
			<size>146</size>
		</font>
		<font>
			<name>font_menu_virtual_2</name>
			<filename>aeon_mainmenu2.ttf</filename>
			<size>146</size>
		</font>
		<font>
			<name>font_menu_virtual_3</name>
			<filename>aeon_mainmenu3.ttf</filename>
			<size>146</size>
		</font>
		<font>
			<name>font_menu_virtual_4</name>
			<filename>aeon_mainmenu4.ttf</filename>
			<size>146</size>
		</font>
		<font>
			<name>font_menu_virtual_5</name>
			<filename>aeon_mainmenu5.ttf</filename>
			<size>146</size>
		</font>
		<font>
			<name>font_menu_virtual_6</name>
			<filename>aeon_mainmenu6.ttf</filename>
			<size>146</size>
		</font>
		<font>
			<name>font_menu_virtual_7</name>
			<filename>aeon_mainmenu7.ttf</filename>
			<size>146</size>
		</font>
		<font>
			<name>font_menu_virtual_8</name>
			<filename>aeon_mainmenu8.ttf</filename>
			<size>146</size>
		</font>
		<font>						
			<name>font_menu_1</name>
			<filename>aeon_mainmenu1.ttf</filename>
			<size>205</size>
		</font>
		<font>										
			<name>font_menu_2</name>
			<filename>aeon_mainmenu2.ttf</filename>
			<size>180</size>
		</font>
		<font>									
			<name>font_menu_3</name>
			<filename>aeon_mainmenu3.ttf</filename>
			<size>170</size>
		</font>
		<font>										
			<name>font_menu_4</name>
			<filename>aeon_mainmenu4.ttf</filename>
			<size>160</size>
		</font>
		<font>										
			<name>font_menu_5</name>
			<filename>aeon_mainmenu5.ttf</filename>
			<size>180</size>
		</font>
		<font>										
			<name>font_menu_6</name>
			<filename>aeon_mainmenu6.ttf</filename>
			<size>150</size>
		</font>
		<font>										
			<name>font_menu_7</name>
			<filename>aeon_mainmenu7.ttf</filename>
			<size>160</size>
		</font>
		<font>										
			<name>font_menu_8</name>
			<filename>aeon_mainmenu8.ttf</filename>
			<size>170</size>
		</font>
		<font>	
			<name>font_titleviews</name>
			<filename>aeon_common.ttf</filename>
			<size>210</size>
		</font>
		<font>
			<name>font_pause</name>
			<filename>aeon_common.ttf</filename>
			<size>300</size>
			<style>uppercase bold</style>
		</font>
		<font>
			<name>lyr1</name>
			<filename>lyrics/Theboldfont.ttf</filename>
			<size>240</size>
		</font>
		<font>
			<name>lyr2</name>
			<filename>lyrics/Luckiest Guy.ttf</filename>
			<style>uppercase</style>
			<linespacing>0.9</linespacing>
			<size>260</size>
		</font>
		<font>
			<name>lyr2b</name>
			<filename>lyrics/Luckiest Guy.ttf</filename>
			<style>uppercase</style>
			<linespacing>0.9</linespacing>
			<size>316</size>
		</font>
		<font>
			<name>lyr3</name>
			<filename>lyrics/SF Distant Galaxy.ttf</filename>
			<style>lowercase</style>
			<aspect>0.85</aspect>
			<linespacing>0.9</linespacing>
			<size>264</size>
		</font>
		<font>
			<name>lyr4</name>
			<filename>lyrics/Geomancy - Extra Bold.ttf</filename>
			<linespacing>0.9</linespacing>
			<size>240</size>
		</font>
		<font>
			<name>lyr5</name>
			<filename>lyrics/BOXING.ttf</filename>
			<aspect>1.3</aspect>
			<style>lowercase</style>
			<linespacing>0.9</linespacing>
			<size>208</size>
		</font>
		<font>
			<name>lyr6</name>
			<style>uppercase</style>
			<filename>lyrics/Luckiest Guy.ttf</filename>
			<size>220</size>
		</font>
		<font>
			<name>lyr6a</name>
			<style>uppercase</style>
			<filename>lyrics/Luckiest Guy.ttf</filename>
			<size>330</size>
		</font>
		<font>
			<name>lyr6b</name>
			<style>uppercase</style>
			<filename>lyrics/Luckiest Guy.ttf</filename>
			<size>440</size>
		</font>
		<font>
			<name>lyr7</name>
			<filename>lyrics/Theboldfont.ttf</filename>
			<size>240</size>
		</font>
		<font>
			<name>lyr8</name>
			<filename>lyrics/SF Distant Galaxy.ttf</filename>
			<style>lowercase</style>
			<aspect>0.85</aspect>
			<linespacing>0.9</linespacing>
			<size>264</size>
		</font>
		<font>
			<name>lyr9</name>
			<filename>lyrics/Geomancy - Extra Bold.ttf</filename>
			<linespacing>0.9</linespacing>
			<size>260</size>
		</font>
		<font>
			<name>lyr9b</name>
			<filename>lyrics/Geomancy - Extra Bold.ttf</filename>
			<linespacing>0.9</linespacing>
			<size>284</size>
		</font>
		<font>
			<name>lyr10</name>
			<style>uppercase</style>
			<filename>lyrics/Luckiest Guy.ttf</filename>
			<size>340</size>
		</font>
		<font>
			<name>lyr10b</name>
			<style>uppercase</style>
			<filename>lyrics/Luckiest Guy.ttf</filename>
			<size>290</size>
		</font>
		<font>
			<name>lyr10c</name>
			<style>uppercase</style>
			<filename>lyrics/Luckiest Guy.ttf</filename>
			<size>240</size>
		</font>
		<font>
			<name>lyr11</name>
			<filename>lyrics/Theboldfont.ttf</filename>
			<size>240</size>
		</font>
		<font>
			<name>lyr11b</name>
			<filename>lyrics/Theboldfont.ttf</filename>
			<size>292</size>
		</font>
		<font>
			<name>lyr12</name>
			<filename>lyrics/BOXING.ttf</filename>
			<style>lowercase</style>
			<linespacing>0.9</linespacing>
			<size>550</size>
		</font>
		<font>
			<name>lyr12b</name>
			<filename>lyrics/BOXING.ttf</filename>
			<style>lowercase</style>
			<linespacing>0.9</linespacing>
			<size>330</size>
		</font>
		<font>
			<name>lyr12c</name>
			<filename>lyrics/BOXING.ttf</filename>
			<style>lowercase</style>
			<linespacing>0.9</linespacing>
			<size>440</size>
		</font>
		<font>
			<name>lyrund</name>
			<filename>lyrics/Fredoka One.ttf</filename>
			<linespacing>0.9</linespacing>
			<size>116</size>
		</font>
		<font>
			<name>lyr13</name>
			<filename>lyrics/SF Distant Galaxy.ttf</filename>
			<style>lowercase</style>
			<aspect>0.85</aspect>
			<linespacing>0.9</linespacing>
			<size>264</size>
		</font>
		<font>
			<name>lyr14</name>
			<style>uppercase</style>
			<filename>lyrics/Luckiest Guy.ttf</filename>
			<size>260</size>
		</font>
		<font>
			<name>lyr14b</name>
			<style>uppercase</style>
			<filename>lyrics/Luckiest Guy.ttf</filename>
			<size>300</size>
		</font>
		<font>
			<name>lyr14c</name>
			<style>uppercase</style>
			<filename>lyrics/Luckiest Guy.ttf</filename>
			<size>340</size>
		</font>
		<font>
			<name>lyr15</name>
			<filename>lyrics/Geomancy - Extra Bold.ttf</filename>
			<linespacing>0.9</linespacing>
			<size>260</size>
		</font>
		<font>
			<name>lyr15b</name>
			<filename>lyrics/Geomancy - Extra Bold.ttf</filename>
			<linespacing>0.9</linespacing>
			<size>276</size>
		</font>
		<font>
			<name>lyr16</name>
			<filename>lyrics/Theboldfont.ttf</filename>
			<size>240</size>
		</font>
		<font>
			<name>lyr17</name>
			<style>uppercase</style>
			<filename>lyrics/Luckiest Guy.ttf</filename>
			<size>220</size>
		</font>
		<font>
			<name>lyr17a</name>
			<style>uppercase</style>
			<filename>lyrics/Luckiest Guy.ttf</filename>
			<size>330</size>
		</font>
		<font>
			<name>lyr17b</name>
			<style>uppercase</style>
			<filename>lyrics/Luckiest Guy.ttf</filename>
			<size>440</size>
		</font>
		<font>
			<name>lyr18</name>
			<filename>lyrics/Geomancy - Extra Bold.ttf</filename>
			<linespacing>0.9</linespacing>
			<size>240</size>
		</font>
		<font>
			<name>lyr18b</name>
			<filename>lyrics/Geomancy - Extra Bold.ttf</filename>
			<linespacing>0.9</linespacing>
			<size>280</size>
		</font>
		<font>
			<name>lyr19</name>
			<filename>lyrics/BOXING.ttf</filename>
			<style>lowercase</style>
			<linespacing>0.9</linespacing>
			<size>460</size>
		</font>
		<font>
			<name>lyr19b</name>
			<filename>lyrics/BOXING.ttf</filename>
			<style>lowercase</style>
			<linespacing>0.9</linespacing>
			<size>340</size>
		</font>
		<font>
			<name>lyr19c</name>
			<filename>lyrics/BOXING.ttf</filename>
			<style>lowercase</style>
			<linespacing>0.9</linespacing>
			<size>230</size>
		</font>
		<font>
			<name>lyr20</name>
			<filename>lyrics/SF Distant Galaxy.ttf</filename>
			<style>lowercase</style>
			<aspect>0.85</aspect>
			<linespacing>0.9</linespacing>
			<size>264</size>
		</font>
	</fontset>
	<fontset id="Arial" unicode="true">
		<font>
			<name>font_plot_small</name>
			<filename>arial.ttf</filename>
			<size>46</size>
		</font>
		<font>
			<name>Font13</name>
			<filename>arial.ttf</filename>
			<size>48</size>
		</font>
		<font>
		<name>font_button</name>
			<filename>arial.ttf</filename>
			<size>48</size>
			<style>uppercase</style>
		</font>
		<font>
			<name>font_details</name>
			<filename>arial.ttf</filename>
			<size>50</size>
		</font>
		<font>
			<name>font_settings</name>
			<filename>arial.ttf</filename>
			<size>60</size>
			<aspect>0.70</aspect>
			<style>uppercase lighten</style>
		</font>
		<font>		
			<name>font_header</name>
			<filename>arial.ttf</filename>
			<size>56</size>
			<style>uppercase lighten</style>
		</font>
		<font>			
			<name>font_plot</name>
			<filename>arial.ttf</filename>
			<size>56</size>
		</font>
		<font>		
			<name>font_list_boldsmall</name>
			<filename>arial.ttf</filename>
			<size>60</size>
			<style>bold</style>
		</font>
		<font>
		<name>font_menu_virtual_small_1</name>
			<filename>arial.ttf</filename>
			<size>61</size>
			<aspect>0.70</aspect>
			<style>lighten</style>
		</font>
		<font>
		<name>font_menu_virtual_small_2</name>
			<filename>arial.ttf</filename>
			<size>61</size>
			<aspect>0.70</aspect>
			<style>lighten</style>
		</font>
		<font>
		<name>font_menu_virtual_small_3</name>
			<filename>arial.ttf</filename>
			<size>61</size>
			<aspect>0.70</aspect>
			<style>lighten</style>
		</font>
		<font>
		<name>font_menu_virtual_small_4</name>
			<filename>arial.ttf</filename>
			<size>61</size>
			<aspect>0.70</aspect>
			<style>lighten</style>
		</font>
		<font>
		<name>font_menu_virtual_small_5</name>
			<filename>arial.ttf</filename>
			<size>61</size>
			<aspect>0.70</aspect>
			<style>lighten</style>
		</font>
		<font>
		<name>font_menu_virtual_small_6</name>
			<filename>arial.ttf</filename>
			<size>61</size>
			<aspect>0.70</aspect>
			<style>lighten</style>
		</font>
		<font>
		<name>font_menu_virtual_small_7</name>
			<filename>arial.ttf</filename>
			<size>61</size>
			<aspect>0.70</aspect>
			<style>lighten</style>
		</font>
		<font>
		<name>font_menu_virtual_small_8</name>
			<filename>arial.ttf</filename>
			<size>61</size>
			<aspect>0.70</aspect>
			<style>lighten</style>
		</font>
		<font>
			<name>font_lyrics</name>
			<filename>arial.ttf</filename>
			<size>64</size>
			<style>bold</style>
		</font>
		<font>			
			<name>font_list</name>
			<filename>arial.ttf</filename>
			<size>76</size>
		</font>
		<font>
			<name>font_list_bold</name>
			<filename>arial.ttf</filename>
			<size>80</size>
			<style>bold</style>
		</font>
		<font>	
			<name>font_year</name>
			<filename>arial.ttf</filename>
			<size>90</size>
			<style>bold</style>
		</font>
		<font>
			<name>font_menu_small_1</name>
			<filename>arial.ttf</filename>
			<size>83</size>
			<aspect>0.70</aspect>
			<style>lighten</style>
		</font>
		<font>
			<name>font_menu_small_2</name>
			<filename>arial.ttf</filename>
			<size>83</size>
			<aspect>0.70</aspect>
			<style>lighten</style>
		</font>
		<font>
			<name>font_menu_small_3</name>
			<filename>arial.ttf</filename>
			<size>83</size>
			<aspect>0.70</aspect>
			<style>lighten</style>
		</font>
		<font>
			<name>font_menu_small_4</name>
			<filename>arial.ttf</filename>
			<size>83</size>
			<aspect>0.70</aspect>
			<style>lighten</style>
		</font>
		<font>
			<name>font_menu_small_5</name>
			<filename>arial.ttf</filename>
			<size>83</size>
			<aspect>0.70</aspect>
			<style>lighten</style>
		</font>
		<font>
			<name>font_menu_small_6</name>
			<filename>arial.ttf</filename>
			<size>83</size>
			<aspect>0.70</aspect>
			<style>lighten</style>
		</font>
		<font>
			<name>font_menu_small_7</name>
			<filename>arial.ttf</filename>
			<size>83</size>
			<aspect>0.70</aspect>
			<style>lighten</style>
		</font>
		<font>
			<name>font_menu_small_8</name>
			<filename>arial.ttf</filename>
			<size>83</size>
			<aspect>0.70</aspect>
			<style>lighten</style>
		</font>
		<font>
		<name>font_weather_clock</name>
			<filename>arial.ttf</filename>
			<size>85</size>
		</font>
		<font>
			<name>font_clock_settings</name>
			<filename>arial.ttf</filename>
			<size>90</size>
		</font>
		<font>			
			<name>font_lyrics_focus</name>
			<filename>arial.ttf</filename>
			<size>90</size>
			<style>bold</style>
		</font>
		<font>
			<name>font_weather_home</name>
			<filename>arial.ttf</filename>
			<size>90</size>
		</font>
		<font>			
			<name>font_title_settings</name>
			<filename>arial.ttf</filename>
			<size>100</size>
			<aspect>0.70</aspect>
			<style>uppercase lighten</style>
		</font>
		<font>
			<name>font_title_floor</name>
			<filename>arial.ttf</filename>
			<size>100</size>
			<aspect>0.70</aspect>
			<style>lighten</style>
		</font>
		<font>		
			<name>font_title</name>
			<filename>arial.ttf</filename>
			<size>110</size>
		</font>
		<font>
			<name>font_view_title</name>
			<filename>arial.ttf</filename>
			<size>110</size>
			<style>bold</style>
		</font>
		<font>
			<name>font_clockhome</name>
			<filename>arial.ttf</filename>
			<size>140</size>
		</font>
		<font>
			<name>font_menu_virtual_1</name>
			<filename>arial.ttf</filename>
			<size>146</size>
			<aspect>0.70</aspect>
		</font>
		<font>
			<name>font_menu_virtual_2</name>
			<filename>arial.ttf</filename>
			<size>146</size>
			<aspect>0.70</aspect>
		</font>
		<font>
			<name>font_menu_virtual_3</name>
			<filename>arial.ttf</filename>
			<size>146</size>
			<aspect>0.70</aspect>
		</font>
		<font>
			<name>font_menu_virtual_4</name>
			<filename>arial.ttf</filename>
			<size>146</size>
			<aspect>0.70</aspect>
		</font>
		<font>
			<name>font_menu_virtual_5</name>
			<filename>arial.ttf</filename>
			<size>146</size>
			<aspect>0.70</aspect>
		</font>
		<font>
			<name>font_menu_virtual_6</name>
			<filename>arial.ttf</filename>
			<size>146</size>
			<aspect>0.70</aspect>
		</font>
		<font>
			<name>font_menu_virtual_7</name>
			<filename>arial.ttf</filename>
			<size>146</size>
			<aspect>0.70</aspect>
		</font>
		<font>
			<name>font_menu_virtual_8</name>
			<filename>arial.ttf</filename>
			<size>146</size>
			<aspect>0.70</aspect>
		</font>
		<font>
			<name>font_menu_1</name>
			<filename>arial.ttf</filename>
			<size>205</size>
			<aspect>0.70</aspect>
		</font>
		<font>
			<name>font_menu_2</name>
			<filename>arial.ttf</filename>
			<size>205</size>
			<aspect>0.70</aspect>
		</font>
		<font>
			<name>font_menu_3</name>
			<filename>arial.ttf</filename>
			<size>205</size>
			<aspect>0.70</aspect>
		</font>
		<font>
			<name>font_menu_4</name>
			<filename>arial.ttf</filename>
			<size>205</size>
			<aspect>0.70</aspect>
		</font>
		<font>
			<name>font_menu_5</name>
			<filename>arial.ttf</filename>
			<size>205</size>
			<aspect>0.70</aspect>
		</font>
		<font>
			<name>font_menu_6</name>
			<filename>arial.ttf</filename>
			<size>205</size>
			<aspect>0.70</aspect>
		</font>
		<font>
			<name>font_menu_7</name>
			<filename>arial.ttf</filename>
			<size>205</size>
			<aspect>0.70</aspect>
		</font>
		<font>
			<name>font_menu_8</name>
			<filename>arial.ttf</filename>
			<size>205</size>
			<aspect>0.70</aspect>
		</font>
		<font>
			<name>font_titleviews</name>
			<filename>arial.ttf</filename>
			<size>210</size>
		</font>
		<font>
			<name>font_pause</name>
			<filename>arial.ttf</filename>
			<size>300</size>
			<style>uppercase bold</style>
		</font>		
		<font>
			<name>lyr1</name>
			<filename>arial.ttf</filename>
			<size>240</size>
		</font>
		<font>
			<name>lyr2</name>
			<filename>arial.ttf</filename>
			<style>uppercase</style>
			<linespacing>0.9</linespacing>
			<size>260</size>
		</font>
		<font>
			<name>lyr2b</name>
			<filename>arial.ttf</filename>
			<style>uppercase</style>
			<linespacing>0.9</linespacing>
			<size>316</size>
		</font>
		<font>
			<name>lyr3</name>
			<filename>arial.ttf</filename>
			<style>lowercase</style>
			<aspect>0.85</aspect>
			<linespacing>0.9</linespacing>
			<size>264</size>
		</font>
		<font>
			<name>lyr4</name>
			<filename>arial.ttf</filename>
			<linespacing>0.9</linespacing>
			<size>240</size>
		</font>
		<font>
			<name>lyr5</name>
			<filename>arial.ttf</filename>
			<aspect>1.3</aspect>
			<style>lowercase</style>
			<linespacing>0.9</linespacing>
			<size>208</size>
		</font>
		<font>
			<name>lyr6</name>
			<style>uppercase</style>
			<filename>arial.ttf</filename>
			<size>220</size>
		</font>
		<font>
			<name>lyr6a</name>
			<style>uppercase</style>
			<filename>arial.ttf</filename>
			<size>330</size>
		</font>
		<font>
			<name>lyr6b</name>
			<style>uppercase</style>
			<filename>arial.ttf</filename>
			<size>440</size>
		</font>
		<font>
			<name>lyr7</name>
			<filename>arial.ttf</filename>
			<size>240</size>
		</font>
		<font>
			<name>lyr8</name>
			<filename>arial.ttf</filename>
			<style>lowercase</style>
			<aspect>0.85</aspect>
			<linespacing>0.9</linespacing>
			<size>264</size>
		</font>
		<font>
			<name>lyr9</name>
			<filename>arial.ttf</filename>
			<linespacing>0.9</linespacing>
			<size>260</size>
		</font>
		<font>
			<name>lyr9b</name>
			<filename>arial.ttf</filename>
			<linespacing>0.9</linespacing>
			<size>284</size>
		</font>
		<font>
			<name>lyr10</name>
			<style>uppercase</style>
			<filename>arial.ttf</filename>
			<size>340</size>
		</font>
		<font>
			<name>lyr10b</name>
			<style>uppercase</style>
			<filename>arial.ttf</filename>
			<size>290</size>
		</font>
		<font>
			<name>lyr10c</name>
			<style>uppercase</style>
			<filename>arial.ttf</filename>
			<size>240</size>
		</font>
		<font>
			<name>lyr11</name>
			<filename>arial.ttf</filename>
			<size>240</size>
		</font>
		<font>
			<name>lyr11b</name>
			<filename>arial.ttf</filename>
			<size>292</size>
		</font>
		<font>
			<name>lyr12</name>
			<filename>arial.ttf</filename>
			<style>lowercase</style>
			<linespacing>0.9</linespacing>
			<size>550</size>
		</font>
		<font>
			<name>lyr12b</name>
			<filename>arial.ttf</filename>
			<style>lowercase</style>
			<linespacing>0.9</linespacing>
			<size>330</size>
		</font>
		<font>
			<name>lyr12c</name>
			<filename>arial.ttf</filename>
			<style>lowercase</style>
			<linespacing>0.9</linespacing>
			<size>440</size>
		</font>
		<font>
			<name>lyrund</name>
			<filename>arial.ttf</filename>
			<linespacing>0.9</linespacing>
			<size>116</size>
		</font>
		<font>
			<name>lyr13</name>
			<filename>arial.ttf</filename>
			<style>lowercase</style>
			<aspect>0.85</aspect>
			<linespacing>0.9</linespacing>
			<size>264</size>
		</font>
		<font>
			<name>lyr14</name>
			<style>uppercase</style>
			<filename>arial.ttf</filename>
			<size>260</size>
		</font>
		<font>
			<name>lyr14b</name>
			<style>uppercase</style>
			<filename>arial.ttf</filename>
			<size>300</size>
		</font>
		<font>
			<name>lyr14c</name>
			<style>uppercase</style>
			<filename>arial.ttf</filename>
			<size>340</size>
		</font>
		<font>
			<name>lyr15</name>
			<filename>arial.ttf</filename>
			<linespacing>0.9</linespacing>
			<size>260</size>
		</font>
		<font>
			<name>lyr15b</name>
			<filename>arial.ttf</filename>
			<linespacing>0.9</linespacing>
			<size>276</size>
		</font>
		<font>
			<name>lyr16</name>
			<filename>arial.ttf</filename>
			<size>240</size>
		</font>
		<font>
			<name>lyr17</name>
			<style>uppercase</style>
			<filename>arial.ttf</filename>
			<size>220</size>
		</font>
		<font>
			<name>lyr17a</name>
			<style>uppercase</style>
			<filename>arial.ttf</filename>
			<size>330</size>
		</font>
		<font>
			<name>lyr17b</name>
			<style>uppercase</style>
			<filename>arial.ttf</filename>
			<size>440</size>
		</font>
		<font>
			<name>lyr18</name>
			<filename>arial.ttf</filename>
			<linespacing>0.9</linespacing>
			<size>240</size>
		</font>
		<font>
			<name>lyr18b</name>
			<filename>arial.ttf</filename>
			<linespacing>0.9</linespacing>
			<size>280</size>
		</font>
		<font>
			<name>lyr19</name>
			<filename>arial.ttf</filename>
			<style>lowercase</style>
			<linespacing>0.9</linespacing>
			<size>460</size>
		</font>
		<font>
			<name>lyr19b</name>
			<filename>arial.ttf</filename>
			<style>lowercase</style>
			<linespacing>0.9</linespacing>
			<size>340</size>
		</font>
		<font>
			<name>lyr19c</name>
			<filename>arial.ttf</filename>
			<style>lowercase</style>
			<linespacing>0.9</linespacing>
			<size>230</size>
		</font>
		<font>
			<name>lyr20</name>
			<filename>arial.ttf</filename>
			<style>lowercase</style>
			<aspect>0.85</aspect>
			<linespacing>0.9</linespacing>
			<size>264</size>
		</font>
	</fontset>
</fonts>