<?xml version="1.0" encoding="UTF-8"?>
<window><!-- Aeon MQ 9 -->
	<defaultcontrol always="true">52</defaultcontrol>
	<controls>
		<include content="common_background">
			<param name="mask" value="white80" />	
			<param name="condition" value="true" />
		</include>
		<control type="group">
			<include>animation_window</include>
			<control type="fixedlist" id="52">
				<left>280</left>
				<top>800</top>
				<width>1600</width>
				<height>560</height>					
				<onleft>20</onleft>
				<onright>20</onright>
				<onfocus>SetProperty(reload_home,true,home)</onfocus>
				<itemlayout height="90">						
					<control type="label">
						<width>1600</width>
						<height>90</height>							
						<align>right</align>
						<label>$INFO[ListItem.Label]</label>
						<font>font_list_boldsmall</font>
						<scroll>false</scroll>
						<animation effect="fade" end="50" condition="true">Conditional</animation>
						<visible>!Container(52).Row(1)</visible>
					</control>
				</itemlayout>
				<focusedlayout height="280">
					<control type="group">
						<animation effect="slide" start="0,0" end="0,-100" time="0" condition="Container(52).Row(1)">Conditional</animation>
						<control type="label">
							<width>1600</width>
							<align>right</align>
							<label>$INFO[ListItem.Label]</label>
							<font>font_view_title</font>
						</control>
						<control type="label">
							<top>126</top>
							<width>1600</width>
							<height>120</height>												
							<align>right</align>
							<aligny>top</aligny>
							<label>$INFO[ListItem.Label2]</label>
							<font>font_plot</font>
							<animation effect="slide" end="-490,0" time="0" easing="inout" tween="sine" condition="Integer.IsGreater(ListItem.PercentPlayed,0)">Conditional</animation>
							<visible>!ListItem.IsParentFolder</visible>
						</control>
					</control>
				</focusedlayout>
			</control>
			<control type="image">
				<left>1960</left>
				<top>810</top>
				<width>560</width>
				<height>560</height>
				<fadetime>common_fade_time</fadetime>
				<aspectratio align="left" aligny="top">keep</aspectratio>
				<texture fallback="user.png">$INFO[ListItem.Icon]</texture>
			</control>
			<control type="grouplist" id="9001">
				<top>2040</top>
				<width>3840</width>
				<height>120</height>				
				<onup>52</onup>
				<ondown>52</ondown>
				<align>center</align>
				<orientation>horizontal</orientation>
				<include content="settings_floor_button">
					<param name="id" value="20" />
					<param name="label" value="$LOCALIZE[31177]" />
					<param name="onclick" value="ActivateWindow(ShutdownMenu)" />
					<param name="width" value="980" />
					<param name="visible" value="true" />
				</include>
			</control>
			<include content="gradient_line">
				<param name="left" value="0" />
				<param name="topline" value="2040" />
				<param name="topshadow" value="2040" />
				<param name="width" value="3840" />
				<param name="flipy" value="true" />
				<param name="visible" value="true" />
			</include>
		</control>
	</controls>
</window>