<?xml version="1.0" encoding="UTF-8"?>
<window><!-- Aeon MQ 9 -->
	<defaultcontrol></defaultcontrol>
	<controls>
		<control type="image" id="1">
			<width>96</width>
			<height>96</height>
			<texture>pointer_nofocus.png</texture>
		</control>
		<control type="image" id="2">
			<width>96</width>
			<height>96</height>
			<texture>pointer_focus.png</texture>
		</control>
		<control type="image" id="3">
			<width>96</width>
			<height>96</height>
			<texture>pointer_focus_drag.png</texture>
		</control>
		<control type="image" id="4">
			<width>96</width>
			<height>96</height>
			<texture>pointer_focus_click.png</texture>
		</control>
	</controls>
</window>