<?xml version="1.0" encoding="UTF-8"?>
<window><!-- Aeon MQ 9 -->
	<defaultcontrol always="true">3010</defaultcontrol>
	<onload>Skin.SetBool(show_color_picker)</onload>
	<onunload>Skin.Reset(show_color_picker)</onunload>
	<controls>
		<control type="image">
			<left>1200</left>
			<width>2640</width>
			<height>2160</height>
			<texture colordiffuse="$INFO[skin.string(texture_base_color)]">shadow_mask_vertical.png</texture>
			<visible>Window.IsActive(videos) | Window.IsActive(music) | Window.IsActive(pictures) | Window.IsActive(programs)</visible>
		</control>
		<control type="group">
			<animation type="WindowOpen" reversible="false">
				<effect type="slide" start="0,0" end="-900,0" time="300" easing="inout" tween="sine" />
				<effect type="fade" start="0" end="100" time="300" />
			</animation>
			<animation type="WindowClose" reversible="false">
				<effect type="slide" start="-900,0" end="0,0" time="300" easing="inout" tween="sine" />
				<effect type="fade" start="100" end="0" time="300" />
			</animation>
			<control type="image">
				<left>3840</left>
				<top>356</top>
				<width>900</width>
				<height>1804</height>
				<texture colordiffuse="$INFO[skin.string(texture_base_color)]">white.png</texture>
				<animation effect="fade" end="95" condition="true">Conditional</animation>
				<visible>Window.IsActive(videos) | Window.IsActive(music) | Window.IsActive(pictures) | Window.IsActive(programs)</visible>
			</control>
			<include content="settings_right_title">
				<param name="label" value="$LOCALIZE[31404]" />
				<param name="slide" value="false" />
			</include>			
			<control type="panel" id="3110">
				<viewtype label="536">icon</viewtype>
				<left>3940</left>
				<top>360</top>
				<width>700</width>
				<height>1260</height>
				<onleft>3110</onleft>
				<onright>80</onright>
				<pagecontrol>80</pagecontrol>
				<scrolltime tween="sine" easing="out">500</scrolltime>				
				<itemlayout height="84.2" width="84.2">
					<control type="image">
						<width>82</width>
						<height>82</height>
						<texture>$INFO[ListItem.Icon]</texture>
					</control>
				</itemlayout>
				<focusedlayout height="84.2" width="84.2">
					<control type="image">
						<left>4</left>
						<width>82</width>
						<height>82</height>
						<texture>$INFO[ListItem.Icon]</texture>
						<bordertexture border="-4">white.png</bordertexture>
						<animation effect="zoom" center="auto" start="100" end="200" time="200" easing="inout" tween="sine">Focus</animation>
					</control>
				</focusedlayout>
			</control>
			<include content="scroll_bar_vertical">
				<param name="id" value="80" />
				<param name="left" value="4650" />
				<param name="top" value="352" />
				<param name="height" value="1280" />
				<param name="onleft" value="3110" />
				<param name="onright" value="3110" />
				<param name="hiddenfocus" value="false" />
				<param name="visible" value="true" />
			</include>
			<control type="grouplist">
				<left>3840</left>
				<top>1680</top>
				<width>900</width>
				<height>480</height>				
				<onup>3110</onup>
				<ondown>3012</ondown>
				<control type="button" id="3030">
					<width>900</width>
					<label>$LOCALIZE[31404]</label>
					<label2>$INFO[Window.Property(palettename)]</label2>
					<visible>!String.IsEmpty(Window.Property(palettename))</visible>
				</control>
				<control type="group" id="3021">
					<width>900</width>
					<height>120</height>	
					<control type="button" id="3010">
						<width>900</width>
						<onup>3030</onup>
						<ondown>3015</ondown>
						<label>$LOCALIZE[31649]  $INFO[Window.Property(colorstring)]</label>
					</control>
					<control type="image">
						<left>700</left>
						<top>10</top>
						<width>100</width>
						<height>100</height>
						<texture colordiffuse="$INFO[Window.Property(colorstring)]">white.png</texture>
						<bordertexture border="-4" colordiffuse="$INFO[skin.string(texture_base_color)]">white.png</bordertexture>
					</control>
				</control>			
				<control type="group" id="3020">
					<width>900</width>
					<height>120</height>
					<control type="image">
						<width>900</width>
						<height>120</height>
						<texture colordiffuse="$INFO[skin.string(texture_highlight_color)]">white.png</texture>
						<visible>Control.HasFocus(3015)</visible>
					</control>
					<control type="label" id="3017">
						<textoffsetx>100</textoffsetx>
						<textcolor>$INFO[skin.string(texture_highlight_color)]</textcolor>
						<label>$ADDON[script.skin.helper.colorpick 32049] $INFO[Control.Getlabel(3015)]</label>
						<visible>!Control.HasFocus(3015)</visible>
					</control>
					<control type="label" id="3017">
						<textoffsetx>100</textoffsetx>
						<textcolor>$INFO[skin.string(texture_base_color)]</textcolor>
						<label>$ADDON[script.skin.helper.colorpick 32049] $INFO[Control.Getlabel(3015)]</label>
						<visible>Control.HasFocus(3015)</visible>
					</control>
					<control type="slider" id="3015">
						<left>560</left>
						<width>300</width>
						<onup>3010</onup>
						<ondown>3012</ondown>
					</control>
				</control>
			</control>			
			<control type="grouplist">
				<left>3840</left>
				<top>2040</top>
				<width>900</width>
				<height>120</height>				
				<onup>3020</onup>
				<ondown>3030</ondown>
				<align>center</align>
				<orientation>horizontal</orientation>
				<include content="settings_floor_button">
					<param name="id" value="3012" />
					<param name="label" value="$LOCALIZE[190]" />
					<param name="width" value="450" />
					<param name="onclick" value="Skin.Reset(show_color_picker)" />
					<param name="visible" value="true" />
				</include>
				<include content="settings_floor_button">
					<param name="id" value="9001" />
					<param name="label" value="$LOCALIZE[222]" />
					<param name="width" value="450" />
					<param name="onclick" value="Skin.Reset(show_color_picker)" />
					<param name="onclick1" value="Action(Close)" />
					<param name="visible" value="true" />
				</include>
			</control>
			<include content="gradient_line">
				<param name="left" value="3840" />
				<param name="topline" value="2040" />
				<param name="topshadow" value="2040" />
				<param name="width" value="900" />
				<param name="flipy" value="true" />
				<param name="visible" value="true" />
			</include>			
		</control>
	</controls>
</window>