<?xml version="1.0" encoding="UTF-8"?>
<window><!-- Aeon MQ 9 -->
	<defaultcontrol always="true">149</defaultcontrol>
	<onload>SetProperty(videoinfoex_view,1000)</onload>
	<onload condition="String.IsEmpty(skin.string(resource.images.studios.path))">InstallAddon(resource.images.studios.coloured)</onload>
	<onunload>ClearProperty(SkinHelper.WidgetContainer,home)</onunload>
	<controls>
		<include content="media_info_background">
			<param name="fanart" value="$VAR[videoinfoex_fanart]" />	
		</include>
		<control type="group">
			<include>animation_window</include>
			<include content="media_info_layout">
				<param name="title" value="$VAR[videoinfoex_title]" />	
				<param name="tagline" value="$VAR[videoinfoex_tag]" />
				<param name="taglinevisible" value="true" />
				<param name="thumb" value="$VAR[videoinfoex_thumb]" />
				<param name="case" value="false" />
				<param name="bordertexture" value="bigposter_shadow.png" />	
				<param name="bordersquare" value="Control.HasFocus(350)" />					
				<param name="artvisible" value="false" />
				<param name="groupvisible" value="![Control.HasFocus(750) | Control.HasFocus(1000) | Control.HasFocus(1250)]" />
				<param name="oscarvisible" value="String.StartsWith(Window(home).Property(SkinHelper.ListItem.Awards),won)" />			
				<param name="tip" value="" />	
				<param name="tipvisible" value="false" />				
			</include>
			<control type="group">
				<include>animation_fade</include>
				<visible>![Control.HasFocus(750) | Control.HasFocus(1000) | Control.HasFocus(1250)]</visible>
				<control type="group">				
					<left>1328</left>
					<top>200</top>
					<orientation>horizontal</orientation>
					<include>animation_fade</include>
					<control type="image">
						<width>1580</width>
						<height>132</height>
						<texture colordiffuse="$INFO[skin.string(texture_base_color)]">videoinfo_flags_back_top.png</texture>
					</control>	
					<include content="media_flags_common">
						<param name="flagleft" value="180" />
						<param name="flagtop" value="-64" />
						<param name="flagwidth" value="260" />
						<param name="flagheight" value="252" />					
						<param name="type" value="resolution" />
						<param name="condition" value="Window.Property(VideoResolution)" />
						<param name="visible" value="!$EXP[dialog_video_infoex_control]" />
					</include>
					<include content="media_flags_common">
						<param name="flagleft" value="180" />
						<param name="flagtop" value="-64" />
						<param name="flagwidth" value="260" />
						<param name="flagheight" value="252" />				
						<param name="type" value="resolution" />	
						<param name="condition" value="Container.ListItem.VideoResolution" />
						<param name="visible" value="$EXP[dialog_video_infoex_control]" />
					</include>
					<include content="media_flags_mpaa">	
						<param name="flagleft" value="400" />
						<param name="flagtop" value="-36" />
						<param name="flagwidth" value="400" />
						<param name="flagheight" value="200" />
						<param name="condition" value="Window.Property(Mpaa)" />
						<param name="visible" value="!$EXP[dialog_video_infoex_control]" />
					</include>
					<include content="media_flags_mpaa">	
						<param name="flagleft" value="400" />
						<param name="flagtop" value="-64" />
						<param name="flagwidth" value="400" />
						<param name="flagheight" value="252" />
						<param name="condition" value="Container.ListItem.Mpaa" />
						<param name="visible" value="$EXP[dialog_video_infoex_control]" />
					</include>					
					<control type="label">
						<left>786</left>
						<width>300</width>
						<height>132</height>					
						<label>$VAR[videoinfoex_year]</label>
						<font>font_year</font>
					</control>
					<control type="label">
						<left>1110</left>
						<width>520</width>
						<height>132</height>					
						<label>$VAR[videoinfoex_duration]</label>
						<font>font_year</font>
					</control>
				</control>
				<include content="media_flags_rating_stars">	
					<param name="flagleft" value="1328" />
					<param name="flagtop" value="370" />
					<param name="condition" value="Window.Property(Rating)" />
					<param name="visible" value="!$EXP[dialog_video_infoex_control]" />
				</include>
				<include content="media_flags_rating_stars">	
					<param name="flagleft" value="1328" />
					<param name="flagtop" value="370" />
					<param name="condition" value="Container.ListItem.Rating" />
					<param name="visible" value="$EXP[dialog_video_infoex_control]" />
				</include>
				<control type="label">
					<left>1970</left>
					<top>370</top>
					<width>950</width>
					<height>60</height>
					<label>$VAR[videoinfoex_rating]</label>
					<font>font_plot</font>
				</control>				
				<control type="grouplist">
					<left>1328</left>
					<top>460</top>
					<width>1580</width>
					<height>820</height>
					<itemgap>4</itemgap>
					<include content="media_info_details">
						<param name="header" value="" />
						<param name="headervisible" value="false" />
						<param name="infowidth" value="1580" />
						<param name="info" value="[COLOR=$INFO[skin.string(header_color)]]$VAR[videoinfoex_genre][/COLOR]" />
						<param name="visible" value="![String.IsEmpty(Window.Property(Genre)) | $EXP[dialog_video_infoex_control] + String.IsEmpty(Container.ListItem.Genre)]" />
					</include>						
					<include content="media_info_details">
						<param name="header" value="Top250" />
						<param name="headervisible" value="true" />
						<param name="infowidth" value="1580" />
						<param name="info" value="$INFO[Window(home).Property(SkinHelper.ListItem.IMDB.Top250)]" />
						<param name="visible" value="Integer.IsGreater(Window(home).Property(SkinHelper.ListItem.IMDB.Top250),0)" />
					</include>
					<include content="media_info_details">
						<param name="header" value="$LOCALIZE[20376]" />
						<param name="headervisible" value="true" />
						<param name="infowidth" value="1580" />
						<param name="info" value="$INFO[Window.Property(OriginalTitle)]" />
						<param name="visible" value="![String.IsEmpty(Window.Property(OriginalTitle)) | $EXP[dialog_video_infoex_control]]" />
					</include>
					<include content="media_info_details">
						<param name="header" value="$LOCALIZE[20339]" />
						<param name="headervisible" value="true" />
						<param name="infowidth" value="1580" />
						<param name="info" value="$VAR[videoinfoex_director]" />
						<param name="visible" value="![String.IsEmpty(Window.Property(Director)) | Control.HasFocus(150) + String.IsEmpty(Container.ListItem.Director)]" />
					</include>
					<include content="media_info_details">
						<param name="header" value="$LOCALIZE[20388]" />
						<param name="headervisible" value="true" />
						<param name="infowidth" value="1580" />
						<param name="info" value="$VAR[videoinfoex_studio]" />
						<param name="visible" value="![String.IsEmpty(Window.Property(Studio)) | Control.HasFocus(150) + String.IsEmpty(Container.ListItem.Studio)]" />
					</include>
					<include content="media_info_details">
						<param name="header" value="$LOCALIZE[31233]" />
						<param name="headervisible" value="true" />
						<param name="infowidth" value="1580" />
						<param name="info" value="$VAR[videoinfoex_premiered]" />
						<param name="visible" value="![String.IsEmpty(Window.Property(Premiered)) | Control.HasFocus(150) + String.IsEmpty(Container.ListItem.Premiered)]" />
					</include>
					<include content="media_info_plot">
						<param name="left" value="0" />
						<param name="top" value="0" />
						<param name="width" value="1580" />
						<param name="height" value="600" />	
						<param name="label" value="$VAR[videoinfoex_plot]" />								
						<param name="visible" value="true" />
					</include>
				</control>				
				<control type="group">				
					<left>1328</left>
					<top>1280</top>
					<orientation>horizontal</orientation>
					<include>animation_fade</include>
					<visible>![Control.HasFocus(750) | Control.HasFocus(1000) | Control.HasFocus(1250)]</visible>
					<control type="image">
						<top>34</top>
						<width>1580</width>
						<height>132</height>
						<texture colordiffuse="$INFO[skin.string(texture_base_color)]">videoinfo_flags_back_bottom.png</texture>
					</control>
					<include content="media_flags_common">
						<param name="flagleft" value="0" />
						<param name="flagtop" value="0" />
						<param name="flagwidth" value="220" />
						<param name="flagheight" value="200" />						
						<param name="type" value="studios" />
						<param name="condition" value="Window.Property(Studio)" />
						<param name="visible" value="!$EXP[dialog_video_infoex_control]" />
					</include>
					<include content="media_flags_common">
						<param name="flagleft" value="0" />
						<param name="flagtop" value="0" />
						<param name="flagwidth" value="220" />
						<param name="flagheight" value="200" />						
						<param name="type" value="studios" />	
						<param name="condition" value="Container.ListItem.Studio" />
						<param name="visible" value="$EXP[dialog_video_infoex_control]" />
					</include>
					<include content="media_flags_type">
						<param name="flagleft" value="226" />
						<param name="flagtop" value="0" />
						<param name="flagwidth" value="220" />
						<param name="flagheight" value="200" />	
						<param name="condition" value="Window.Property(Filenameandpath)" />
						<param name="visible" value="!$EXP[dialog_video_infoex_control]" />
					</include>
					<include content="media_flags_type">
						<param name="flagleft" value="226" />
						<param name="flagtop" value="0" />
						<param name="flagwidth" value="220" />
						<param name="flagheight" value="200" />	
						<param name="condition" value="Container.ListItem.Filenameandpath" />
						<param name="visible" value="$EXP[dialog_video_infoex_control]" />
					</include>
					<include content="media_flags_common">
						<param name="flagleft" value="454" />
						<param name="flagtop" value="0" />
						<param name="flagwidth" value="220" />
						<param name="flagheight" value="200" />					
						<param name="type" value="video_codec" />	
						<param name="condition" value="Window.Property(VideoCodec)" />
						<param name="visible" value="!$EXP[dialog_video_infoex_control]" />
					</include>
					<include content="media_flags_common">
						<param name="flagleft" value="454" />
						<param name="flagtop" value="0" />
						<param name="flagwidth" value="220" />
						<param name="flagheight" value="200" />					
						<param name="type" value="video_codec" />	
						<param name="condition" value="Container.ListItem.VideoCodec" />
						<param name="visible" value="$EXP[dialog_video_infoex_control]" />
					</include>
					<include content="media_flags_video_hdr">	
						<param name="flagleft" value="680" />
						<param name="flagtop" value="0" />
						<param name="flagwidth" value="220" />
						<param name="flagheight" value="100" />
						<param name="condition" value="Window.Property(Filenameandpath)" />
						<param name="visible" value="!$EXP[dialog_video_infoex_control]" />
					</include>
					<include content="media_flags_video_hdr">	
						<param name="flagleft" value="680" />
						<param name="flagtop" value="0" />
						<param name="flagwidth" value="220" />
						<param name="flagheight" value="100" />
						<param name="condition" value="Container.ListItem.Filenameandpath" />
						<param name="visible" value="$EXP[dialog_video_infoex_control]" />
					</include>
					<include content="media_flags_bit_depth">
						<param name="flagleft" value="906" />
						<param name="flagtop" value="0" />
						<param name="flagwidth" value="220" />
						<param name="flagheight" value="200" />	
						<param name="condition" value="Window.Property(Filenameandpath)" />
						<param name="visible" value="!$EXP[dialog_video_infoex_control]" />
					</include>
					<include content="media_flags_bit_depth">
						<param name="flagleft" value="906" />
						<param name="flagtop" value="0" />
						<param name="flagwidth" value="220" />
						<param name="flagheight" value="200" />	
						<param name="condition" value="Container.ListItem.Filenameandpath" />
						<param name="visible" value="$EXP[dialog_video_infoex_control]" />
					</include>
					<include content="media_flags_common">
						<param name="flagleft" value="1134" />
						<param name="flagtop" value="0" />
						<param name="flagwidth" value="220" />
						<param name="flagheight" value="200" />					
						<param name="type" value="aspect_ratio" />
						<param name="condition" value="Window.Property(VideoAspect)" />
						<param name="visible" value="!$EXP[dialog_video_infoex_control]" />
					</include>
					<include content="media_flags_common">
						<param name="flagleft" value="1134" />
						<param name="flagtop" value="0" />
						<param name="flagwidth" value="220" />
						<param name="flagheight" value="200" />					
						<param name="type" value="aspect_ratio" />	
						<param name="condition" value="Container.ListItem.VideoAspect" />
						<param name="visible" value="$EXP[dialog_video_infoex_control]" />
					</include>
					<include content="media_flags_audio_codec">
						<param name="flagleft" value="1360" />
						<param name="flagtop" value="0" />
						<param name="flagwidth" value="220" />
						<param name="flagheight" value="200" />					
						<param name="condition" value="Window.Property(Filenameandpath)" />
						<param name="visible" value="!$EXP[dialog_video_infoex_control]" />
					</include>
					<include content="media_flags_audio_codec">
						<param name="flagleft" value="1360" />
						<param name="flagtop" value="0" />
						<param name="flagwidth" value="220" />
						<param name="flagheight" value="200" />	
						<param name="condition" value="Container.ListItem.Filenameandpath" />
						<param name="visible" value="$EXP[dialog_video_infoex_control]" />
					</include>
				</control>
			</control>
			<control type="list" id="149">
				<include content="context_list">
					<param name="id" value="149" />
					<param name="left" value="3006" />
					<param name="top" value="200" />					
					<param name="width" value="734" />
					<param name="height" value="1040" />
					<param name="onleft" value="131" />
					<param name="onright" value="131" />
					<param name="focusposition" value="0" />
					<param name="itemwidth" value="734" />
					<param name="itemheight" value="90" />
				</include>	
				<content>
					<item>
						<label>31700</label>
						<onclick condition="!System.HasAddon(service.skin.widgets)">InstallAddon(service.skin.widgets)</onclick>
						<onclick condition="System.HasAddon(service.skin.widgets)">Action(Back)</onclick>
						<onclick condition="System.HasAddon(service.skin.widgets)">RunScript(service.skin.widgets,movieid=$INFO[Window.Property(DBID)])</onclick>
					</item>
				</content>
			</control>
			<control type="grouplist" id="130">
				<left>1328</left>
				<top>1460</top>
				<width>2412</width>
				<height>90</height>
				<onup>149</onup>
				<ondown>SetFocus($INFO[Window.Property(videoinfoex_view)])</ondown>
				<ondown condition="String.IsEqual(Window.Property(videoinfoex_view),250)">SetProperty(SkinHelper.WidgetContainer,250,Home)</ondown>
				<orientation>horizontal</orientation>
				<itemgap>3</itemgap>
				<include content="media_info_buttons_bar">
					<param name="id" value="131" />	
					<param name="width" value="397" />						
					<param name="label" value="31703" />
					<param name="action" value="SetProperty(videoinfoex_view,1000)" />
					<param name="enable" value="true" />	
					<param name="visible" value="true" />
				</include>
				<include content="media_info_buttons_bar">
					<param name="id" value="133" />	
					<param name="width" value="397" />						
					<param name="label" value="31046" />
					<param name="action" value="SetProperty(videoinfoex_view,150)" />
					<param name="enable" value="true" />	
					<param name="visible" value="true" />						
				</include>	
				<include content="media_info_buttons_bar">
					<param name="id" value="134" />
					<param name="width" value="397" />						
					<param name="label" value="31527" />
					<param name="action" value="SetProperty(videoinfoex_view,250)" />
					<param name="enable" value="true" />	
					<param name="visible" value="true" />						
				</include>	
				<include content="media_info_buttons_bar">
					<param name="id" value="135" />	
					<param name="width" value="397" />						
					<param name="label" value="31701" />
					<param name="action" value="SetProperty(videoinfoex_view,350)" />
					<param name="enable" value="true" />	
					<param name="visible" value="true" />						
				</include>	
				<include content="media_info_buttons_bar">
					<param name="id" value="136" />	
					<param name="width" value="397" />						
					<param name="label" value="31090" />
					<param name="action" value="SetProperty(videoinfoex_view,750)" />
					<param name="enable" value="true" />	
					<param name="visible" value="true" />						
				</include>	
				<include content="media_info_buttons_bar">
					<param name="id" value="137" />	
					<param name="width" value="397" />						
					<param name="label" value="31408" />
					<param name="action" value="SetProperty(videoinfoex_view,1250)" />
					<param name="enable" value="true" />	
					<param name="visible" value="true" />						
				</include>					
			</control>
			<include content="gradient_line">
				<param name="left" value="1328" />
				<param name="topline" value="1458" />
				<param name="topshadow" value="1458" />
				<param name="width" value="2412" />
				<param name="flipy" value="true" />
				<param name="visible" value="true" />
			</include>
			<control type="list" id="1000">
				<include content="dialog_info_panel_layout">
					<param name="id" value="1000" />
					<param name="ondown" value="" />
					<param name="layoutwidth" value="220" />
				</include>
				<visible>String.IsEqual(Window.Property(videoinfoex_view),1000)</visible>			
			</control>
			<control type="list" id="150">
				<include content="dialog_info_panel_layout">
					<param name="id" value="150" />
					<param name="ondown" value="" />
					<param name="layoutwidth" value="220" />
				</include>
				<visible>String.IsEqual(Window.Property(videoinfoex_view),150)</visible>				
			</control>
			<control type="list" id="250">
				<include content="dialog_info_panel_layout">
					<param name="id" value="250" />
					<param name="ondown" value="" />
					<param name="layoutwidth" value="220" />
				</include>
				<visible>String.IsEqual(Window.Property(videoinfoex_view),250)</visible>				
			</control>
			<control type="list" id="350">
				<include content="dialog_info_panel_layout">
					<param name="id" value="350" />
					<param name="ondown" value="" />
					<param name="layoutwidth" value="484" />	
				</include>
				<visible>String.IsEqual(Window.Property(videoinfoex_view),350)</visible>				
			</control>
			<control type="list" id="750">
				<include content="dialog_info_panel_layout">
					<param name="id" value="750" />
					<param name="ondown" value="" />
					<param name="layoutwidth" value="220" />
				</include>
				<visible>String.IsEqual(Window.Property(videoinfoex_view),750)</visible>				
			</control>
			<control type="list" id="1250">
				<include content="dialog_info_panel_layout">
					<param name="id" value="1250" />
					<param name="ondown" value="" />
					<param name="layoutwidth" value="220" />
				</include>
				<visible>String.IsEqual(Window.Property(videoinfoex_view),1250)</visible>				
			</control>			
			<include>mask_background</include>
		</control>
	</controls>
</window>