<?xml version="1.0" encoding="UTF-8"?>
<window><!-- Aeon MQ 9 -->
	<defaultcontrol always="true">22</defaultcontrol>
	<controls>
		<include content="common_background">
			<param name="mask" value="white80" />	
			<param name="condition" value="true" />
		</include>
		<control type="group">			
			<include>animation_window</include>
			<visible>!Window.IsVisible(smartplaylistrule)</visible>
			<include content="dialogs_furniture">
				<param name="id" value="2" />
				<param name="left" value="360" />
				<param name="width" value="2940" />
				<param name="title" value="" />				
			</include>
			<control type="grouplist" id="9030">
				<left>450</left>
				<top>360</top>
				<width>2940</width>
				<height>1800</height>				
				<onleft>back</onleft>
				<onright>10</onright>
				<control type="button" id="22">
					<label>$LOCALIZE[467]</label>
				</control>
				<control type="button" id="12">
					<label>$LOCALIZE[21433]</label>
				</control>
				<control type="label" id="1101">	
					<left>450</left>
					<textoffsetx>100</textoffsetx>
					<label>$LOCALIZE[31202]</label>
					<textcolor>$INFO[skin.string(header_color)]</textcolor>
				</control>
				<control type="button" id="16">
					<label>$LOCALIZE[21424]</label>
				</control>
				<control type="button" id="17">
					<label>$LOCALIZE[21427]</label>
				</control>
				<control type="button" id="18">
					<label>$LOCALIZE[21429]</label>
				</control>
				<control type="button" id="19">
					<label>$LOCALIZE[31316]</label>
				</control>
				<control type="button" id="23">
					<label>$LOCALIZE[21458]</label>
				</control>
				<control type="radiobutton" id="24">
					<label>$LOCALIZE[467]: $LOCALIZE[21459]</label>
				</control>
			</control>			
			<control type="list" id="10">
				<left>450</left>
				<top>1440</top>
				<width>2940</width>
				<height>960</height>				
				<onleft>14</onleft>
				<onright>9001</onright>
				<onup>9030</onup>
				<itemlayout width="2940" height="120">
					<include content="list_furniture">
						<param name="width" value="2940" />
						<param name="height" value="120" />
						<param name="align" value="left" />
						<param name="label" value="$INFO[ListItem.label]" />
						<param name="font" value="font_settings" />
					</include>
				</itemlayout>
				<focusedlayout width="2940" height="120">
					<include content="list_furniturefocus">
						<param name="width" value="2940" />
						<param name="height" value="120" />
						<param name="align" value="left" />
						<param name="label" value="$INFO[ListItem.label]" />
						<param name="font" value="font_settings" />
						<param name="visible" value="Control.HasFocus(10)" />
					</include>
				</focusedlayout>
			</control>
			<control type="grouplist" id="9001">
				<left>450</left>
				<top>2040</top>
				<width>2940</width>
				<height>120</height>				
				<onup>12</onup>
				<ondown>9030</ondown>
				<align>center</align>
				<orientation>horizontal</orientation>
				<include content="settings_floor_button">
					<param name="id" value="13" />
					<param name="label" value="$LOCALIZE[15019]" />
					<param name="width" value="588" />
					<param name="visible" value="true" />
				</include>
				<include content="settings_floor_button">
					<param name="id" value="14" />
					<param name="label" value="$LOCALIZE[1210]" />
					<param name="width" value="588" />
					<param name="visible" value="true" />
				</include>
				<include content="settings_floor_button">
					<param name="id" value="15" />
					<param name="label" value="$LOCALIZE[21435]" />
					<param name="width" value="588" />
					<param name="visible" value="true" />
				</include>
				<include content="settings_floor_button">
					<param name="id" value="21" />
					<param name="label" value="$LOCALIZE[222]" />
					<param name="width" value="588" />
					<param name="visible" value="true" />
				</include>
				<include content="settings_floor_button">
					<param name="id" value="20" />
					<param name="label" value="$LOCALIZE[186]" />
					<param name="width" value="588" />
					<param name="visible" value="true" />
				</include>
			</control>
			<include content="gradient_line">
				<param name="left" value="450" />
				<param name="topline" value="2040" />
				<param name="topshadow" value="2040" />
				<param name="width" value="2940" />
				<param name="flipy" value="true" />
				<param name="visible" value="true" />
			</include>	
		</control>
	</controls>
</window>