<?xml version="1.0" encoding="UTF-8"?>
<window><!-- Aeon MQ 9 -->
	<defaultcontrol always="true">2</defaultcontrol>
	<controls>
	<control type="image">
			<texture colordiffuse="$INFO[skin.string(texture_base_color)]">white80.png</texture>
		</control>
		<control type="group">
			<include>animation_dialog_popup</include>
			<visible>!Window.IsVisible(visualisationpresetlist)</visible>
			<include content="dialogs_furniture">
				<param name="id" value="" />
				<param name="left" value="360" />
				<param name="width" value="2940" />
				<param name="title" value="$LOCALIZE[298]" />				
			</include>
			<control type="panel" id="11">
				<viewtype label="536">icon</viewtype>
				<left>450</left>
				<top>360</top>
				<width>2940</width>
				<height>1680</height>				
				<onleft>2</onleft>
				<onright>80</onright>
				<itemgap>0</itemgap>
				<pagecontrol>80</pagecontrol>
				<orientation>vertical</orientation>
				<focusposition>0</focusposition>
				<movement>1</movement>
				<preloaditems>2</preloaditems>
				<scrolltime tween="sine" easing="out">500</scrolltime>
				<itemlayout width="733" height="560">
					<control type="image">
						<left>8</left>
						<width>724</width>
						<height>551</height>
						<texture colordiffuse="$INFO[skin.string(texture_base_color)]">white.png</texture>
					</control>
					<control type="image">
						<left>16</left>
						<top>8</top>
						<width>708</width>
						<height>398</height>
						<aspectratio>scale</aspectratio>
						<info>ListItem.Icon</info>
					</control>
					<control type="label">
						<left>16</left>
						<top>418</top>
						<width>708</width>
						<height>120</height>
						<align>center</align>
						<font>font_plot</font>						
						<label>$INFO[ListItem.Label][CR]$INFO[ListItem.Label2, (,)]</label>
					</control>
				</itemlayout>
				<focusedlayout width="733" height="560">
					<control type="image">
						<left>8</left>
						<width>724</width>
						<height>551</height>
						<texture colordiffuse="$INFO[skin.string(texture_highlight_color)]">white.png</texture>
					</control>
					<control type="image">
						<left>16</left>
						<top>8</top>
						<width>708</width>
						<height>398</height>
						<aspectratio>scale</aspectratio>
						<info>ListItem.Icon</info>
					</control>
					<control type="label">
						<left>16</left>
						<top>418</top>
						<width>708</width>
						<height>120</height>
						<align>center</align>
						<font>font_plot</font>						
						<label>$INFO[ListItem.Label][CR]$INFO[ListItem.Label2, (,)]</label>
						<textcolor>$INFO[skin.string(texture_base_color)]</textcolor>
					</control>
				</focusedlayout>
			</control>
			<control type="grouplist" id="9001">
				<left>450</left>
				<top>2040</top>
				<width>2940</width>
				<height>120</height>				
				<onleft>back</onleft>
				<onright>back</onright>
				<onup>11</onup>
				<ondown>11</ondown>
				<align>center</align>
				<orientation>horizontal</orientation>
				<include content="settings_floor_button">
					<param name="id" value="2" />
					<param name="label" value="$LOCALIZE[294]" />
					<param name="width" value="980" />
					<param name="visible" value="true" />
				</include>
				<include content="settings_floor_button">
					<param name="id" value="3" />
					<param name="label" value="$LOCALIZE[296]" />
					<param name="width" value="980" />
					<param name="visible" value="true" />
				</include>
				<include content="settings_floor_button">
					<param name="id" value="4" />
					<param name="label" value="$LOCALIZE[20406]" />
					<param name="width" value="980" />
					<param name="visible" value="Control.IsEnabled(4)" />
				</include>
			</control>
			<include content="gradient_line">
				<param name="left" value="450" />
				<param name="topline" value="2040" />
				<param name="topshadow" value="2040" />
				<param name="width" value="2940" />
				<param name="flipy" value="true" />
				<param name="visible" value="true" />
			</include>
			<include content="scroll_bar_vertical">
				<param name="id" value="80" />
				<param name="left" value="3300" />
				<param name="top" value="360" />
				<param name="height" value="1680" />
				<param name="onleft" value="11" />
				<param name="onright" value="2" />
				<param name="hiddenfocus" value="false" />
				<param name="visible" value="true" />
			</include>
			<control type="label">
				<left>2400</left>
				<top>236</top>
				<width>900</width>
				<height>60</height>
				<font>font_plot</font>
				<align>right</align>
				<label>$INFO[Container(11).NumItems] $LOCALIZE[31210] - $LOCALIZE[31215] $INFO[Container(11).CurrentPage]/$INFO[Container(11).NumPages]</label>
				<visible>Integer.IsGreater(Container(11).NumItems,12)</visible>
			</control>
		</control>
	</controls>
</window>