<?xml version="1.0" encoding="UTF-8"?>

<includes>
    <include name="View_541_NetflixView">
	<include>MediaCodec</include>
		<control type="group">
           <visible>Control.IsVisible(541)</visible>
			<include>CommonBackground</include>
			
			<animation type="WindowOpen">
				<effect type="fade" start="0" end="100" time="300" tween="sine" easing="out" />
				<effect type="zoom" start="125" end="100" center="auto" time="300" tween="cubic" easing="out" />
			</animation>
			<animation type="WindowClose">
				<effect type="fade" start="100" end="0" time="300" tween="sine" easing="out" />
				<effect type="zoom" start="100" end="125" center="auto" time="300" tween="cubic" easing="out" />
			</animation>
			<control type="image" description="Busy BG">
				<left>-20</left>
				<top>-20</top>
				<width>1400</width>
				<height>850</height>
				<texture>netflixshadow1.png</texture>
				<aspectratio>stretch</aspectratio>
			</control>
		    <control type="image">
				<left>620</left>
					<top>35</top>
					<width>640</width>
					<height>360</height>
					<aspectratio>strech</aspectratio>
					<visible>true</visible>
				<texture background="true" diffuse="fanart-back.png">$INFO[ListItem.Art(fanart)]</texture>
				<fadetime>FanartCrossfadeTime</fadetime>
			</control>
			<control type="image">
				<left>620</left>
					<top>35</top>
					<width>640</width>
					<height>360</height>
					<aspectratio>strech</aspectratio>
					<visible>true</visible>
				<texture background="true" diffuse="fanart-back.png">$INFO[ListItem.Art(landscape)]</texture>
				<fadetime>FanartCrossfadeTime</fadetime>
				<visible>Skin.HasSetting(LandscapeFanart)</visible>
			</control>
			<control type="multiimage">
					<left>620</left>
					<top>35</top>
					<width>640</width>
					<height>360</height>
					<aspectratio>strech</aspectratio>
					<visible>true</visible>
					<fadetime>IconCrossfadeTime</fadetime>
					<imagepath background="true" diffuse="fanart-back.png">$INFO[ListItem.Path,,extrafanart]</imagepath>
					<fadetime>400</fadetime>
                    <timeperimage>3000</timeperimage>
					<visible>Skin.HasSetting(MultiFanart)</visible>
				</control>
				
				<!--  DVD  -->
					<control type="image"> 	
						 <left>620</left>
					<top>35</top>
					<width>640</width>
					<height>360</height>
						<aspectratio>stretch</aspectratio>
						<texture background="true">fan-case/480.png</texture> 	
						<aspectratio scalediffuse="strech">strech</aspectratio>
						<visible>Skin.HasSetting(DVDHome)</visible>
					</control> 	
					<control type="image"> 	
						 <left>620</left>
					<top>35</top>
					<width>640</width>
					<height>360</height>
						<aspectratio>stretch</aspectratio>
						<texture background="true">$INFO[ListItem.VideoResolution,fan-case/,.png]</texture> 	
						<aspectratio scalediffuse="strech">strech</aspectratio>
						<visible>Container.Content(Movies)</visible>
						<visible>Skin.HasSetting(DVDHome)</visible>
					</control>
					 <control type="image">
                       <left>620</left>
					<top>35</top>
					<width>640</width>
					<height>360</height>
						<aspectratio>stretch</aspectratio>
                         <texture>fan-case/set.png</texture>
                       <visible>Container.Content(Sets)</visible>
						<visible>Skin.HasSetting(DVDHome)</visible>
                    </control>
					 <control type="image">
                      <left>620</left>
					<top>35</top>
					<width>640</width>
					<height>360</height>
						<aspectratio>stretch</aspectratio>
                         <texture>fan-case/series.png</texture>
                         <visible>Container.Content(seasons) | Container.Content(tvshows)</visible>
						<visible>Skin.HasSetting(DVDHome)</visible>
                    </control>
					<!-- DVD  -->	
            <control type="image">
			               <width>170</width>
			               <height>170</height>
		                    <left>370</left>
			                <top>20</top>
		                    <texture>$INFO[ListItem.Art(characterart)]</texture>
			                <fadetime>FanartCrossFadeTime</fadetime>
			               <aspectratio align="center" aligny="center">keep</aspectratio>
			               <visible>Skin.HasSetting(CharacterArtHome)</visible>
		                 </control>
			 
				<control type="label">
				 
					<left>50</left>
					<top>80</top>
					<width>500</width>
					<height>88</height>
					<font>font30_title</font>
					<textcolor>blue</textcolor>
					<align>left</align>
					<label>[B]$INFO[ListItem.Label][/B]</label>
					<visible>String.IsEmpty(ListItem.Art(clearlogo))</visible>
					
				</control>
				<control type="image">
                       <left>50</left>
						<top>80</top>
						<height>120</height>
						<width>310</width>
						<fadetime>200</fadetime>
					    <texture background="true">$INFO[ListItem.Art(clearlogo)]</texture>
					    <fadetime>FanartCrossFadeTime</fadetime>
					    <aspectratio align="center" aligny="center">keep</aspectratio>
						<visible>Skin.HasSetting(ClearLogoHome)</visible>
                        <visible>!String.IsEmpty(ListItem.Art(clearlogo))</visible>
			        </control>
					<control type="image">
                       <left>50</left>
						<top>80</top>
						<height>120</height>
						<width>310</width>
						<fadetime>200</fadetime>
					    <texture background="true">$INFO[ListItem.Art(tvshow.clearlogo))]</texture>
					    <fadetime>FanartCrossFadeTime</fadetime>
					    <aspectratio align="center" aligny="center">keep</aspectratio>
						<visible>Skin.HasSetting(ClearLogoHome)</visible>
                        <visible>!String.IsEmpty(ListItem.Art(tvshow.clearlogo)))</visible>
			        </control>
			     <control type="image">
                        <left>380</left>
				        <top>120</top>
						<width>178</width>
						<height>100</height>
					    <texture>$INFO[ListItem.Art(clearart)]</texture>
					    <fadetime>FanartCrossFadeTime</fadetime>
					    <aspectratio align="center" aligny="center">keep</aspectratio>
						<visible>Skin.HasSetting(ClearArtHome)</visible>
					 </control>
				<!--<control type="label">
						<left>50</left>
						<top>65</top>
						<height>125</height>
						<width>500</width>
						<label>$INFO[ListItem.Label]</label>
						<font>font_plotNetflix</font>
						<textcolor>blue</textcolor>
						<align>justify</align>
						
						<autoscroll delay="2000" time="4000" repeat="5000">true</autoscroll>
				</control>-->
				 <control type="image">
					<left>46</left>
					<top>215</top>
					<width>540</width>
					<height>180</height>
					<aspectratio align="center" aligny="center">strech</aspectratio>
					<texture border="10" colordiffuse="blue">contentpanel3.png</texture>
				</control>
				<control type="textbox">
					<left>55</left>
					<top>223</top>
					<width>520</width>
					<height>165</height>
					<font>font_plot</font>
					<textcolor>white</textcolor>
					<align>justify</align>
					<autoscroll delay="7000" time="4000" repeat="11000">true</autoscroll>
					<wrapmultiline>true</wrapmultiline>
					<label>$INFO[ListItem.Plot]</label>
				</control>

			<include>MediaCodec</include>
		</control>

        <control type="group">
 			
			<top>400</top>
            <left>0</left>
            
            <height>700</height>
 			
			
			<control type="fixedlist" id="541">
			
                <top>0</top>
                <left>25</left>
                <width>2800</width>
                <height>350</height>
                <onleft>52</onleft>
                <onright>52</onright>
                <ondown>2</ondown>
                <onup>2</onup>
                <pagecontrol>5199</pagecontrol>
                <focusposition>1</focusposition>
				<itemgap>10</itemgap>
                <movement>1</movement>
                <preloaditems>2</preloaditems>
                <orientation>horizontal</orientation>
                <viewtype label="Netflix View">list</viewtype>
                <scrolltime tween="quadratic" easing="out">600</scrolltime>
                <visible>Container.Content(seasons) |Container.Content(albums) | Container.Content(artists) |  Container.Content(sets) | Container.Content(tvshows) | Container.Content(movies)</visible>
                <itemlayout height="550" width="160">
					
                    <control type="group">
                        <left>0</left>
                        <right>20</right>

                        <control type="image">
                            <left>10</left>
							<top>10</top>
                           <width>150</width>
                            <height>225</height>
                            <aspectratio>strech</aspectratio>
                            <texture background="true" diffuse="posterview_diffuse.png">$VAR[PosterThumb]</texture>
							<visible>String.IsEmpty(ListItem.Art(keyart))</visible>
                        </control>
						<control type="image">
                            <left>10</left>
							<top>10</top>
                           <width>150</width>
                            <height>225</height>
                            <aspectratio>strech</aspectratio>
                            <texture background="true" diffuse="posterview_diffuse.png">$VAR[PosterThumb4]</texture>
							<visible>!String.IsEmpty(ListItem.Art(keyart))</visible>
                        </control>
						
						<!--  DVD  -->
					<control type="image"> 	
						 <left>10</left>
							<top>10</top>
							<width>150</width>
                            <height>225</height>
						<aspectratio>stretch</aspectratio>
						<texture background="true">case/480.png</texture> 	
						<aspectratio scalediffuse="strech">strech</aspectratio>
						<visible>Skin.HasSetting(DVDHome)</visible>
					</control> 	
					<control type="image"> 	
						 <left>10</left>
							<top>10</top>
							<width>150</width>
                            <height>225</height>
						<aspectratio>stretch</aspectratio>
						<texture background="true">$INFO[ListItem.VideoResolution,case/,.png]</texture> 	
						<aspectratio scalediffuse="strech">strech</aspectratio>
						<visible>Container.Content(Movies)</visible>
						<visible>Skin.HasSetting(DVDHome)</visible>
					</control>
					 <control type="image">
                        <left>10</left>
							<top>10</top>
							<width>150</width>
                            <height>225</height>
						<aspectratio>stretch</aspectratio>
                         <texture>case/set.png</texture>
                       <visible>Container.Content(Sets)</visible>
						<visible>Skin.HasSetting(DVDHome)</visible>
                    </control>
					 <control type="image">
                        <left>10</left>
							<top>10</top>
							<width>150</width>
                            <height>225</height>
						<aspectratio>stretch</aspectratio>
                        <texture>case/series.png</texture>
                        <visible>Container.Content(seasons) | Container.Content(tvshows)</visible>
						<visible>Skin.HasSetting(DVDHome)</visible>
                    </control>
					<!-- DVD  -->	
						<control type="image">
							<left>103</left><!-- 665 -->
							<top>190</top>
							<width>35</width>
						    <height>35</height>
							<texture>OverlayWatching.png</texture>
							<visible>Window.IsVisible(Videos) + ListItem.IsResumable</visible>
						</control>
						<control type="image">
							<left>103</left><!-- 665 -->
							<top>190</top>
							<width>35</width>
						    <height>35</height>
							<texture>$INFO[ListItem.Overlay]</texture>
							<aspectratio>keep</aspectratio>
							<visible>Window.IsVisible(Videos)</visible>
						</control>

                    </control>
                </itemlayout>
                <focusedlayout height="550" width="160">
                    <control type="group">
                        <left>0</left>
                        <right>20</right>
						
						 <control type="image">
                           <left>5</left>
                            <top>5</top>
                            <width>160</width>
                            <height>235</height>
                            <texture>button-focus4.png</texture>
                        </control>
                        <control type="image">
                            <left>10</left>
							<top>10</top>

                            <width>150</width>
                            <height>225</height>
                            <aspectratio>strech</aspectratio>
                           <texture background="true" diffuse="posterview_diffuse.png">$VAR[PosterThumb]</texture>
						   <visible>String.IsEmpty(ListItem.Art(keyart))</visible>
                        </control>
                         <control type="image">
                            <left>10</left>
							<top>10</top>
							<width>150</width>
                            <height>225</height>
                            <aspectratio>strech</aspectratio>
                           <texture background="true" diffuse="posterview_diffuse.png">$VAR[PosterThumb4]</texture>
						   <visible>!String.IsEmpty(ListItem.Art(keyart))</visible>
						   <visible>Skin.HasSetting(KeyArtHome)</visible>
                        </control>
			
						<!--  DVD  -->
					<control type="image"> 	
						 <left>10</left>
							<top>10</top>
							<width>150</width>
                            <height>225</height>
						<aspectratio>stretch</aspectratio>
						<texture background="true">case/480.png</texture> 	
						<aspectratio scalediffuse="strech">strech</aspectratio>
						<visible>Skin.HasSetting(DVDHome)</visible>
					</control> 	
					<control type="image"> 	
						 <left>10</left>
							<top>10</top>
							<width>150</width>
                            <height>225</height>
						<aspectratio>stretch</aspectratio>
						<texture background="true">$INFO[ListItem.VideoResolution,case/,.png]</texture> 	
						<aspectratio scalediffuse="strech">strech</aspectratio>
						<visible>Container.Content(Movies)</visible>
						<visible>Skin.HasSetting(DVDHome)</visible>
					</control>
					 <control type="image">
                        <left>10</left>
							<top>10</top>
							<width>150</width>
                            <height>225</height>
						<aspectratio>stretch</aspectratio>
                         <texture>case/set.png</texture>
                       <visible>Container.Content(Sets)</visible>
						<visible>Skin.HasSetting(DVDHome)</visible>
                    </control>
					 <control type="image">
                        <left>10</left>
							<top>10</top>
							<width>150</width>
                            <height>225</height>
						<aspectratio>stretch</aspectratio>
                         <texture>fan-case/series.png</texture>
                         <visible>Container.Content(seasons) | Container.Content(tvshows)</visible>
						<visible>Skin.HasSetting(DVDHome)</visible>
                    </control>
					<!-- DVD  -->
						<control type="image">
							<left>103</left><!-- 665 -->
							<top>190</top>
							<width>35</width>
						    <height>35</height>
							<texture>OverlayWatching.png</texture>
							<visible>Window.IsVisible(Videos) + ListItem.IsResumable</visible>
						</control>
						<control type="image">
							<left>103</left><!-- 665 -->
							<top>190</top>
							<width>35</width>
						    <height>35</height>
							<texture>$INFO[ListItem.Overlay]</texture>
							<aspectratio>keep</aspectratio>
							<visible>Window.IsVisible(Videos)</visible>
						</control>				
                    </control>
                </focusedlayout>
            </control>
        </control>
    </include>
</includes>
