<?xml version="1.0" encoding="UTF-8"?>
<window id="1112" type="dialog">
	<defaultcontrol always="true">100</defaultcontrol>
	<include>dialogeffect</include>
	<controls>
		<control type="image">
			<left>0</left>
			<top>0</top>
			<width>1920</width>
			<height>1080</height>
			<texture>colors/black.png</texture>
		</control>
		<control type="image">
			<left>0</left>
			<top>0</top>
			<width>130</width>
			<height>1080</height>
			<texture colordiffuse="$VAR[accentColorDiffuse]">hint-overlay.png</texture>
		</control>
		<control type="image">
			<left>180</left>
			<top>460</top>
			<width>96</width>
			<height>96</height>
			<texture colordiffuse="$VAR[accentColorDiffuse]">arrow-white-left_uhd.png</texture>
		</control>
		<control type="label">
			<left>360</left>
			<top>250</top>
			<width>1020</width>
			<height>90</height>
			<font>Light35</font>
			<textcolor>blue</textcolor>
			<align>left</align>
			<aligny>center</aligny>
			<label>31411</label>
		</control>
		<control type="textbox">
			<left>360</left>
			<top>373</top>
			<width>1020</width>
			<height>372</height>
			<font>Light22</font>
			<textcolor>white</textcolor>
			<align>left</align>
			<label>31412</label>
		</control>
		<control type="button" id="100">
			<description>OK button</description>
			<left>1080</left>
			<top>740</top>
			<width>300</width>
			<height>72</height>
			<label>12321</label>
			<onclick>Skin.Setbool(FirstTimeRun)</onclick>
			<onclick>back</onclick>
			<onleft>100</onleft>
			<onright>100</onright>
			<onup>100</onup>
			<ondown>100</ondown>
			
			<include>ButtonInfoDialogsCommonValues</include>
			
		</control>
	</controls>
</window>
