<?xml version="1.0" encoding="UTF-8"?>
<window>
	<defaultcontrol always="true">11</defaultcontrol>
	
	<include>dialogeffect</include>
	<controls>
		<control type="group">
			<left>1155</left>
			<top>0</top>
			<control type="image">
				<left>0</left>
				<top>0</top>
				<width>765</width>
				<height>1080</height>
				<texture>colors/black.png</texture>
				<animation effect="fade" start="0" end="93" time="0" condition="true">Conditional</animation>
			</control>
			
			<control type="group">
				<left>0</left>
				<top>15</top>
				
				<control type="group">
					<left>-21</left>
					
					<control type="label">
						<description>header label</description>
						<left>64</left>
						<top>45</top>
						<width>630</width>
						<height>60</height>
						<font>Light28</font>
						<label>$LOCALIZE[19023] - $INFO[VideoPlayer.ChannelGroup]</label>
						<align>left</align>
						<aligny>center</aligny>
						<textcolor>blue</textcolor>
						<visible>!PVR.IsPlayingRadio</visible>
					</control>
					<control type="label">
						<description>header label</description>
						<left>64</left>
						<top>45</top>
						<width>630</width>
						<height>60</height>
						<font>Light28</font>
						<label>$LOCALIZE[19024] - $INFO[MusicPlayer.ChannelGroup]</label>
						<align>left</align>
						<aligny>center</aligny>
						<textcolor>blue</textcolor>
						<visible>PVR.IsPlayingRadio</visible>
					</control>
					
				</control>
				
				
				
				<control type="list" id="11">
					<left>45</left>
					<top>150</top>
					<width>639</width>
					<height>840</height>
					<onleft>PreviousChannelGroup</onleft>
					<onright>60</onright>
					<onup>11</onup>
					<ondown>11</ondown>
					<viewtype label="535">list</viewtype>
					<pagecontrol>60</pagecontrol>
					<include>SimpleListViewsScrollTime</include>
					
					<itemlayout height="105" width="639">
						<control type="image">
							<left>71</left>
							<top>7</top>
							<width>84</width>
							<height>84</height>
							<texture fallback="DefaultPVRChannels.png">$INFO[ListItem.Icon]</texture>
							<aspectratio>keep</aspectratio>
						</control>
						<control type="image">
							<left>135</left>
							<top>71</top>
							<width>22</width>
							<height>22</height>
							<texture>PVR-IsRecording.png</texture>
							<visible>ListItem.IsRecording</visible>
						</control>
						<control type="label">
							<left>8</left>
							<top>0</top>
							<width>60</width>
							<height>100</height>
							<font>Regular17</font>
							<align>center</align>
							<aligny>center</aligny>
							<textcolor>blue</textcolor>
							<selectedcolor>selected</selectedcolor>
							<info>ListItem.ChannelNumberLabel</info>
						</control>
						
						<control type="group">
							
							<control type="label">
								<left>165</left>
								<top>0</top>
								<width>460</width>
								<height>38</height>
								<font>Regular20</font>
								<textcolor>white</textcolor>
								<selectedcolor>selected</selectedcolor>
								<align>left</align>
								<aligny>center</aligny>
								<label>$INFO[ListItem.Label]</label>
							</control>
							<control type="label">
								<left>165</left>
								<top>38</top>
								<width>460</width>
								<height>30</height>
								<font>Light17</font>
								<textcolor>grey</textcolor>
								<selectedcolor>grey</selectedcolor>
								<align>left</align>
								<aligny>center</aligny>
								<label>$INFO[ListItem.Title]</label>
							</control>
							
						</control>
						
						<control type="label">
							<left>165</left>
							<top>66</top>
							<width>90</width>
							<height>30</height>
							<font>Regular12</font>
							<textcolor>blue</textcolor>
							<selectedcolor>blue</selectedcolor>
							<align>left</align>
							<aligny>center</aligny>
							<label>$INFO[ListItem.StartTime]</label>
							<visible>ListItem.HasEpg</visible>
						</control>
						<control type="label">
							<left>525</left>
							<top>66</top>
							<width>90</width>
							<height>30</height>
							<font>Regular12</font>
							<textcolor>blue</textcolor>
							<selectedcolor>blue</selectedcolor>
							<align>right</align>
							<aligny>center</aligny>
							<label>$INFO[ListItem.EndTime]</label>
							<visible>ListItem.HasEpg</visible>
						</control>
						
						<control type="group">
							<left>15</left>
							<!-- semi transparent base bar -->
							<control type="image">
								<left>241</left>
								<top>81</top>
								<width>2</width>
								<height>6</height>
								<texture colordiffuse="1BFFFFFF">osd/progress/progress-6px-start-end.png</texture>
								<visible>ListItem.HasEpg</visible>
							</control>
							<control type="image">
								<left>507</left>
								<top>81</top>
								<width>2</width>
								<height>6</height>
								<texture colordiffuse="1BFFFFFF" flipx="true">osd/progress/progress-6px-start-end.png</texture>
								<visible>ListItem.HasEpg</visible>
							</control>
							<control type="image">
								<left>243</left>
								<top>81</top>
								<width>264</width>
								<height>6</height>
								<texture colordiffuse="1BFFFFFF">osd/progress/progress-bg.png</texture>
								<visible>ListItem.HasEpg</visible>
							</control>
							
							<!-- filled progress bar -->
							<control type="image">
								<left>241</left>
								<top>81</top>
								<width>2</width>
								<height>6</height>
								<texture colordiffuse="6EFFFFFF">osd/progress/progress-6px-start-end.png</texture>
								<visible>ListItem.HasEpg</visible>
							</control>
							<control type="image">
								<left>507</left>
								<top>81</top>
								<width>2</width>
								<height>6</height>
								<texture colordiffuse="6EFFFFFF" flipx="true">osd/progress/progress-6px-start-end.png</texture>
								<visible>ListItem.HasEpg + Integer.IsGreater(ListItem.Progress,99)</visible>
							</control>
							<control type="image">
								<left>243</left>
								<top>81</top>
								<width>264</width>
								<height>6</height>
								<texture colordiffuse="6EFFFFFF">osd/progress/progress-mid-2px.png</texture>
								<include>ListItemProgressScaling</include>
								<visible>ListItem.HasEpg</visible>
							</control>
						</control>
					</itemlayout>
					
					<focusedlayout height="105" width="639">
						<control type="image">
							<left>0</left>
							<top>0</top>
							<width>639</width>
							<height>98</height>
							<texture border="14" colordiffuse="$VAR[accentColorDiffuseForNeutralTextures]">button-focus-neutral.png</texture>
							<visible>Control.HasFocus(11)</visible>
							<include>VisibleFadeEffect</include>
							<include>FocusAnimationType1</include>
						</control>
						<control type="image">
							<left>0</left>
							<top>0</top>
							<width>168</width>
							<height>98</height>
							<texture border="12" colordiffuse="FF000000">colors/white_border11l_-10r.png</texture>
							<animation effect="fade" end="25" time="0" condition="true">Conditional</animation>
							<visible>Control.HasFocus(11)</visible>
							<include>VisibleFadeEffect</include>
							<include>FocusAnimationType1</include>
						</control>
						<control type="image">
							<left>71</left>
							<top>7</top>
							<width>84</width>
							<height>84</height>
							<texture fallback="DefaultPVRChannels.png">$INFO[ListItem.Icon]</texture>
							<aspectratio>keep</aspectratio>
						</control>
						<control type="image">
							<left>135</left>
							<top>71</top>
							<width>22</width>
							<height>22</height>
							<texture>PVR-IsRecording.png</texture>
							<visible>ListItem.IsRecording</visible>
						</control>
						<control type="label">
							<left>8</left>
							<top>0</top>
							<width>60</width>
							<height>100</height>
							<font>Regular17</font>
							<align>center</align>
							<aligny>center</aligny>
							<textcolor>blue</textcolor>
							<selectedcolor>selected</selectedcolor>
							<info>ListItem.ChannelNumberLabel</info>
							<scroll>false</scroll>
						</control>
						
						<control type="group">
							
							<control type="label">
								<left>165</left>
								<top>0</top>
								<width>460</width>
								<height>38</height>
								<font>Regular20</font>
								<textcolor>white</textcolor>
								<selectedcolor>selected</selectedcolor>
								<align>left</align>
								<aligny>center</aligny>
								<label>$INFO[ListItem.Label]</label>
								<scroll>false</scroll>
							</control>
							<control type="label">
								<left>165</left>
								<top>38</top>
								<width>460</width>
								<height>30</height>
								<font>Light17</font>
								<textcolor>grey</textcolor>
								<selectedcolor>grey</selectedcolor>
								<align>left</align>
								<aligny>center</aligny>
								<label>$INFO[ListItem.Title]</label>
								<scroll>false</scroll>
							</control>
							
						</control>
						
						<control type="label">
							<left>165</left>
							<top>66</top>
							<width>90</width>
							<height>30</height>
							<font>Regular12</font>
							<textcolor>blue</textcolor>
							<selectedcolor>blue</selectedcolor>
							<align>left</align>
							<aligny>center</aligny>
							<label>$INFO[ListItem.StartTime]</label>
							<visible>ListItem.HasEpg</visible>
							<scroll>false</scroll>
						</control>
						<control type="label">
							<left>525</left>
							<top>66</top>
							<width>90</width>
							<height>30</height>
							<font>Regular12</font>
							<textcolor>blue</textcolor>
							<selectedcolor>blue</selectedcolor>
							<align>right</align>
							<aligny>center</aligny>
							<label>$INFO[ListItem.EndTime]</label>
							<visible>ListItem.HasEpg</visible>
							<scroll>false</scroll>
						</control>
						
						<control type="group">
							<left>15</left>
							<!-- semi transparent base bar -->
							<control type="image">
								<left>241</left>
								<top>81</top>
								<width>2</width>
								<height>6</height>
								<texture colordiffuse="1BFFFFFF">osd/progress/progress-6px-start-end.png</texture>
								<visible>ListItem.HasEpg</visible>
							</control>
							<control type="image">
								<left>507</left>
								<top>81</top>
								<width>2</width>
								<height>6</height>
								<texture colordiffuse="1BFFFFFF" flipx="true">osd/progress/progress-6px-start-end.png</texture>
								<visible>ListItem.HasEpg</visible>
							</control>
							<control type="image">
								<left>243</left>
								<top>81</top>
								<width>264</width>
								<height>6</height>
								<texture colordiffuse="1BFFFFFF">osd/progress/progress-bg.png</texture>
								<visible>ListItem.HasEpg</visible>
							</control>
							
							<!-- filled progress bar -->
							<control type="image">
								<left>241</left>
								<top>81</top>
								<width>2</width>
								<height>6</height>
								<texture colordiffuse="91FFFFFF">osd/progress/progress-6px-start-end.png</texture>
								<visible>ListItem.HasEpg</visible>
							</control>
							<control type="image">
								<left>507</left>
								<top>81</top>
								<width>2</width>
								<height>6</height>
								<texture colordiffuse="91FFFFFF" flipx="true">osd/progress/progress-6px-start-end.png</texture>
								<visible>ListItem.HasEpg + Integer.IsGreater(ListItem.Progress,99)</visible>
							</control>
							<control type="image">
								<left>243</left>
								<top>81</top>
								<width>264</width>
								<height>6</height>
								<texture colordiffuse="91FFFFFF">osd/progress/progress-mid-2px.png</texture>
								<include>ListItemProgressScaling</include>
								<visible>ListItem.HasEpg</visible>
							</control>
						</control>
					</focusedlayout>
					
					
				</control>
				<control type="scrollbar" id="60">
					<left>708</left>
					<top>150</top>
					<include>scrollBarStyleDefaultWidth</include>
					<height>833</height>
					<onleft>11</onleft>
					<onright>60</onright>
					<ondown>60</ondown>
					<onup>60</onup>
					<showonepage>false</showonepage>
					<include>scrollBarStyleDefault</include>
				</control>
				
			</control>
		</control>
		
		<include>FullScreenClock</include>
		
	</controls>
</window>
